fund_id,universe,method,method_label,live_start_date,ticker,sector,asset_class,weight
Combined - Equal Weight,Combined,equal_weight,Equal Weight,2023-12-01,ABBV,Healthcare,Equity,0.016666666666666666
Combined - Equal Weight,Combined,equal_weight,Equal Weight,2023-12-01,ABT,Healthcare,Equity,0.016666666666666666
Combined - Equal Weight,Combined,equal_weight,Equal Weight,2023-12-01,ADA-USD,Crypto,Crypto,0.016666666666666666
Combined - Equal Weight,Combined,equal_weight,Equal Weight,2023-12-01,ADBE,Tech,Equity,0.016666666666666666
Combined - Equal Weight,Combined,equal_weight,Equal Weight,2023-12-01,AEP,Utilities,Equity,0.016666666666666666
Combined - Equal Weight,Combined,equal_weight,Equal Weight,2023-12-01,AMD,Tech,Equity,0.016666666666666666
Combined - Equal Weight,Combined,equal_weight,Equal Weight,2023-12-01,AMGN,Healthcare,Equity,0.016666666666666666
Combined - Equal Weight,Combined,equal_weight,Equal Weight,2023-12-01,AMT,RealEstate,Equity,0.016666666666666666
Combined - Equal Weight,Combined,equal_weight,Equal Weight,2023-12-01,BA,Industrials,Equity,0.016666666666666666
Combined - Equal Weight,Combined,equal_weight,Equal Weight,2023-12-01,BCH-USD,Crypto,Crypto,0.016666666666666666
Combined - Equal Weight,Combined,equal_weight,Equal Weight,2023-12-01,BTC-USD,Crypto,Crypto,0.016666666666666666
Combined - Equal Weight,Combined,equal_weight,Equal Weight,2023-12-01,CAT,Industrials,Equity,0.016666666666666666
Combined - Equal Weight,Combined,equal_weight,Equal Weight,2023-12-01,CCI,RealEstate,Equity,0.016666666666666666
Combined - Equal Weight,Combined,equal_weight,Equal Weight,2023-12-01,CMCSA,Comm,Equity,0.016666666666666666
Combined - Equal Weight,Combined,equal_weight,Equal Weight,2023-12-01,COP,Energy,Equity,0.016666666666666666
Combined - Equal Weight,Combined,equal_weight,Equal Weight,2023-12-01,CVX,Energy,Equity,0.016666666666666666
Combined - Equal Weight,Combined,equal_weight,Equal Weight,2023-12-01,D,Utilities,Equity,0.016666666666666666
Combined - Equal Weight,Combined,equal_weight,Equal Weight,2023-12-01,DD,Materials,Equity,0.016666666666666666
Combined - Equal Weight,Combined,equal_weight,Equal Weight,2023-12-01,DIS,Consumer,Equity,0.016666666666666666
Combined - Equal Weight,Combined,equal_weight,Equal Weight,2023-12-01,DOW,Materials,Equity,0.016666666666666666
Combined - Equal Weight,Combined,equal_weight,Equal Weight,2023-12-01,DUK,Utilities,Equity,0.016666666666666666
Combined - Equal Weight,Combined,equal_weight,Equal Weight,2023-12-01,EA,Comm,Equity,0.016666666666666666
Combined - Equal Weight,Combined,equal_weight,Equal Weight,2023-12-01,EOS-USD,Crypto,Crypto,0.016666666666666666
Combined - Equal Weight,Combined,equal_weight,Equal Weight,2023-12-01,ETC-USD,Crypto,Crypto,0.016666666666666666
Combined - Equal Weight,Combined,equal_weight,Equal Weight,2023-12-01,ETH-USD,Crypto,Crypto,0.016666666666666666
Combined - Equal Weight,Combined,equal_weight,Equal Weight,2023-12-01,GE,Industrials,Equity,0.016666666666666666
Combined - Equal Weight,Combined,equal_weight,Equal Weight,2023-12-01,GILD,Healthcare,Equity,0.016666666666666666
Combined - Equal Weight,Combined,equal_weight,Equal Weight,2023-12-01,GS,Financials,Equity,0.016666666666666666
Combined - Equal Weight,Combined,equal_weight,Equal Weight,2023-12-01,INTC,Tech,Equity,0.016666666666666666
Combined - Equal Weight,Combined,equal_weight,Equal Weight,2023-12-01,KO,Consumer,Equity,0.016666666666666666
Combined - Equal Weight,Combined,equal_weight,Equal Weight,2023-12-01,LTC-USD,Crypto,Crypto,0.016666666666666666
Combined - Equal Weight,Combined,equal_weight,Equal Weight,2023-12-01,MMM,Industrials,Equity,0.016666666666666666
Combined - Equal Weight,Combined,equal_weight,Equal Weight,2023-12-01,MRK,Healthcare,Equity,0.016666666666666666
Combined - Equal Weight,Combined,equal_weight,Equal Weight,2023-12-01,MS,Financials,Equity,0.016666666666666666
Combined - Equal Weight,Combined,equal_weight,Equal Weight,2023-12-01,NEE,Utilities,Equity,0.016666666666666666
Combined - Equal Weight,Combined,equal_weight,Equal Weight,2023-12-01,NEM,Materials,Equity,0.016666666666666666
Combined - Equal Weight,Combined,equal_weight,Equal Weight,2023-12-01,NKE,Consumer,Equity,0.016666666666666666
Combined - Equal Weight,Combined,equal_weight,Equal Weight,2023-12-01,NUE,Materials,Equity,0.016666666666666666
Combined - Equal Weight,Combined,equal_weight,Equal Weight,2023-12-01,NVDA,Tech,Equity,0.016666666666666666
Combined - Equal Weight,Combined,equal_weight,Equal Weight,2023-12-01,O,RealEstate,Equity,0.016666666666666666
Combined - Equal Weight,Combined,equal_weight,Equal Weight,2023-12-01,OXY,Energy,Equity,0.016666666666666666
Combined - Equal Weight,Combined,equal_weight,Equal Weight,2023-12-01,PLD,RealEstate,Equity,0.016666666666666666
Combined - Equal Weight,Combined,equal_weight,Equal Weight,2023-12-01,PSA,RealEstate,Equity,0.016666666666666666
Combined - Equal Weight,Combined,equal_weight,Equal Weight,2023-12-01,QCOM,Tech,Equity,0.016666666666666666
Combined - Equal Weight,Combined,equal_weight,Equal Weight,2023-12-01,SBUX,Consumer,Equity,0.016666666666666666
Combined - Equal Weight,Combined,equal_weight,Equal Weight,2023-12-01,SHW,Materials,Equity,0.016666666666666666
Combined - Equal Weight,Combined,equal_weight,Equal Weight,2023-12-01,SLB,Energy,Equity,0.016666666666666666
Combined - Equal Weight,Combined,equal_weight,Equal Weight,2023-12-01,SO,Utilities,Equity,0.016666666666666666
Combined - Equal Weight,Combined,equal_weight,Equal Weight,2023-12-01,T,Comm,Equity,0.016666666666666666
Combined - Equal Weight,Combined,equal_weight,Equal Weight,2023-12-01,TMUS,Comm,Equity,0.016666666666666666
Combined - Equal Weight,Combined,equal_weight,Equal Weight,2023-12-01,TRX-USD,Crypto,Crypto,0.016666666666666666
Combined - Equal Weight,Combined,equal_weight,Equal Weight,2023-12-01,TTWO,Comm,Equity,0.016666666666666666
Combined - Equal Weight,Combined,equal_weight,Equal Weight,2023-12-01,UPS,Industrials,Equity,0.016666666666666666
Combined - Equal Weight,Combined,equal_weight,Equal Weight,2023-12-01,USB,Financials,Equity,0.016666666666666666
Combined - Equal Weight,Combined,equal_weight,Equal Weight,2023-12-01,V,Financials,Equity,0.016666666666666666
Combined - Equal Weight,Combined,equal_weight,Equal Weight,2023-12-01,WFC,Financials,Equity,0.016666666666666666
Combined - Equal Weight,Combined,equal_weight,Equal Weight,2023-12-01,WMT,Consumer,Equity,0.016666666666666666
Combined - Equal Weight,Combined,equal_weight,Equal Weight,2023-12-01,XLM-USD,Crypto,Crypto,0.016666666666666666
Combined - Equal Weight,Combined,equal_weight,Equal Weight,2023-12-01,XOM,Energy,Equity,0.016666666666666666
Combined - Equal Weight,Combined,equal_weight,Equal Weight,2023-12-01,XRP-USD,Crypto,Crypto,0.016666666666666666
Combined - Maximum Sharpe,Combined,max_sharpe,Maximum Sharpe,2023-12-01,NVDA,Tech,Equity,0.3214782682217566
Combined - Maximum Sharpe,Combined,max_sharpe,Maximum Sharpe,2023-12-01,ABBV,Healthcare,Equity,0.32038455169091395
Combined - Maximum Sharpe,Combined,max_sharpe,Maximum Sharpe,2023-12-01,NUE,Materials,Equity,0.1846759106125272
Combined - Maximum Sharpe,Combined,max_sharpe,Maximum Sharpe,2023-12-01,BTC-USD,Crypto,Crypto,0.0687949637942482
Combined - Maximum Sharpe,Combined,max_sharpe,Maximum Sharpe,2023-12-01,TRX-USD,Crypto,Crypto,0.06723813416573886
Combined - Maximum Sharpe,Combined,max_sharpe,Maximum Sharpe,2023-12-01,ETC-USD,Crypto,Crypto,0.01712979079986569
Combined - Maximum Sharpe,Combined,max_sharpe,Maximum Sharpe,2023-12-01,XRP-USD,Crypto,Crypto,0.015774982093874516
Combined - Maximum Sharpe,Combined,max_sharpe,Maximum Sharpe,2023-12-01,ETH-USD,Crypto,Crypto,0.004523398621061399
Combined - Minimum Variance,Combined,min_variance,Minimum Variance,2023-12-01,WMT,Consumer,Equity,0.19860424301881652
Combined - Minimum Variance,Combined,min_variance,Minimum Variance,2023-12-01,MRK,Healthcare,Equity,0.12822625482983976
Combined - Minimum Variance,Combined,min_variance,Minimum Variance,2023-12-01,ABBV,Healthcare,Equity,0.11873151276122655
Combined - Minimum Variance,Combined,min_variance,Minimum Variance,2023-12-01,KO,Consumer,Equity,0.10226521276084158
Combined - Minimum Variance,Combined,min_variance,Minimum Variance,2023-12-01,GILD,Healthcare,Equity,0.10151730154408616
Combined - Minimum Variance,Combined,min_variance,Minimum Variance,2023-12-01,EA,Comm,Equity,0.10149579042771978
Combined - Minimum Variance,Combined,min_variance,Minimum Variance,2023-12-01,NEM,Materials,Equity,0.07878833916933922
Combined - Minimum Variance,Combined,min_variance,Minimum Variance,2023-12-01,PSA,RealEstate,Equity,0.04836002681648758
Combined - Minimum Variance,Combined,min_variance,Minimum Variance,2023-12-01,MMM,Industrials,Equity,0.043157434639493265
Combined - Minimum Variance,Combined,min_variance,Minimum Variance,2023-12-01,TTWO,Comm,Equity,0.034725827578144915
Combined - Minimum Variance,Combined,min_variance,Minimum Variance,2023-12-01,T,Comm,Equity,0.032292201375873825
Combined - Minimum Variance,Combined,min_variance,Minimum Variance,2023-12-01,UPS,Industrials,Equity,0.011835855078130595
Combined - Risk Parity,Combined,risk_parity,Risk Parity,2023-12-01,WMT,Consumer,Equity,0.032443113161598425
Combined - Risk Parity,Combined,risk_parity,Risk Parity,2023-12-01,GILD,Healthcare,Equity,0.031246716178151966
Combined - Risk Parity,Combined,risk_parity,Risk Parity,2023-12-01,MRK,Healthcare,Equity,0.029869611002786508
Combined - Risk Parity,Combined,risk_parity,Risk Parity,2023-12-01,NEM,Materials,Equity,0.02872222481564238
Combined - Risk Parity,Combined,risk_parity,Risk Parity,2023-12-01,ABBV,Healthcare,Equity,0.02776842818260534
Combined - Risk Parity,Combined,risk_parity,Risk Parity,2023-12-01,EA,Comm,Equity,0.027483673716318647
Combined - Risk Parity,Combined,risk_parity,Risk Parity,2023-12-01,AMGN,Healthcare,Equity,0.02492758784539882
Combined - Risk Parity,Combined,risk_parity,Risk Parity,2023-12-01,KO,Consumer,Equity,0.023753670028667764
Combined - Risk Parity,Combined,risk_parity,Risk Parity,2023-12-01,AEP,Utilities,Equity,0.023517792073015742
Combined - Risk Parity,Combined,risk_parity,Risk Parity,2023-12-01,PSA,RealEstate,Equity,0.023024787594537115
Combined - Risk Parity,Combined,risk_parity,Risk Parity,2023-12-01,TTWO,Comm,Equity,0.02287924917996474
Combined - Risk Parity,Combined,risk_parity,Risk Parity,2023-12-01,T,Comm,Equity,0.02198551375869768
Combined - Risk Parity,Combined,risk_parity,Risk Parity,2023-12-01,DUK,Utilities,Equity,0.020956890022536437
Combined - Risk Parity,Combined,risk_parity,Risk Parity,2023-12-01,ABT,Healthcare,Equity,0.020921066491390476
Combined - Risk Parity,Combined,risk_parity,Risk Parity,2023-12-01,D,Utilities,Equity,0.02058833301708387
Combined - Risk Parity,Combined,risk_parity,Risk Parity,2023-12-01,TMUS,Comm,Equity,0.02043300662860529
Combined - Risk Parity,Combined,risk_parity,Risk Parity,2023-12-01,UPS,Industrials,Equity,0.020228922434696706
Combined - Risk Parity,Combined,risk_parity,Risk Parity,2023-12-01,MMM,Industrials,Equity,0.01989836770085227
Combined - Risk Parity,Combined,risk_parity,Risk Parity,2023-12-01,SO,Utilities,Equity,0.019367077324048507
Combined - Risk Parity,Combined,risk_parity,Risk Parity,2023-12-01,CMCSA,Comm,Equity,0.01845992782317242
Combined - Risk Parity,Combined,risk_parity,Risk Parity,2023-12-01,CCI,RealEstate,Equity,0.018325364508146858
Combined - Risk Parity,Combined,risk_parity,Risk Parity,2023-12-01,NEE,Utilities,Equity,0.018255284348145554
Combined - Risk Parity,Combined,risk_parity,Risk Parity,2023-12-01,SHW,Materials,Equity,0.01809506245784048
Combined - Risk Parity,Combined,risk_parity,Risk Parity,2023-12-01,AMT,RealEstate,Equity,0.017283951102398616
Combined - Risk Parity,Combined,risk_parity,Risk Parity,2023-12-01,O,RealEstate,Equity,0.016965948058185593
Combined - Risk Parity,Combined,risk_parity,Risk Parity,2023-12-01,CAT,Industrials,Equity,0.01634351689160834
Combined - Risk Parity,Combined,risk_parity,Risk Parity,2023-12-01,V,Financials,Equity,0.016326869177880923
Combined - Risk Parity,Combined,risk_parity,Risk Parity,2023-12-01,XOM,Energy,Equity,0.01628219406734681
Combined - Risk Parity,Combined,risk_parity,Risk Parity,2023-12-01,NKE,Consumer,Equity,0.016079571689970294
Combined - Risk Parity,Combined,risk_parity,Risk Parity,2023-12-01,SBUX,Consumer,Equity,0.015493655555839916
Combined - Risk Parity,Combined,risk_parity,Risk Parity,2023-12-01,PLD,RealEstate,Equity,0.015486106641215068
Combined - Risk Parity,Combined,risk_parity,Risk Parity,2023-12-01,DIS,Consumer,Equity,0.015360725230966016
Combined - Risk Parity,Combined,risk_parity,Risk Parity,2023-12-01,ADBE,Tech,Equity,0.014977491919234783
Combined - Risk Parity,Combined,risk_parity,Risk Parity,2023-12-01,CVX,Energy,Equity,0.014507956183567833
Combined - Risk Parity,Combined,risk_parity,Risk Parity,2023-12-01,DD,Materials,Equity,0.014292606871194668
Combined - Risk Parity,Combined,risk_parity,Risk Parity,2023-12-01,INTC,Tech,Equity,0.014220426463029836
Combined - Risk Parity,Combined,risk_parity,Risk Parity,2023-12-01,GS,Financials,Equity,0.01417763020916297
Combined - Risk Parity,Combined,risk_parity,Risk Parity,2023-12-01,GE,Industrials,Equity,0.013919846397883767
Combined - Risk Parity,Combined,risk_parity,Risk Parity,2023-12-01,QCOM,Tech,Equity,0.013644845410826598
Combined - Risk Parity,Combined,risk_parity,Risk Parity,2023-12-01,USB,Financials,Equity,0.013482299482144584
Combined - Risk Parity,Combined,risk_parity,Risk Parity,2023-12-01,NUE,Materials,Equity,0.013421431553725984
Combined - Risk Parity,Combined,risk_parity,Risk Parity,2023-12-01,DOW,Materials,Equity,0.013341306733634787
Combined - Risk Parity,Combined,risk_parity,Risk Parity,2023-12-01,WFC,Financials,Equity,0.013004021608036914
Combined - Risk Parity,Combined,risk_parity,Risk Parity,2023-12-01,COP,Energy,Equity,0.012733057562251881
Combined - Risk Parity,Combined,risk_parity,Risk Parity,2023-12-01,MS,Financials,Equity,0.012712576227033253
Combined - Risk Parity,Combined,risk_parity,Risk Parity,2023-12-01,AMD,Tech,Equity,0.012337940115477642
Combined - Risk Parity,Combined,risk_parity,Risk Parity,2023-12-01,SLB,Energy,Equity,0.012198294538376382
Combined - Risk Parity,Combined,risk_parity,Risk Parity,2023-12-01,NVDA,Tech,Equity,0.011285526179790688
Combined - Risk Parity,Combined,risk_parity,Risk Parity,2023-12-01,BTC-USD,Crypto,Crypto,0.011041433777261562
Combined - Risk Parity,Combined,risk_parity,Risk Parity,2023-12-01,BA,Industrials,Equity,0.01073560082596084
Combined - Risk Parity,Combined,risk_parity,Risk Parity,2023-12-01,OXY,Energy,Equity,0.01049734721401723
Combined - Risk Parity,Combined,risk_parity,Risk Parity,2023-12-01,TRX-USD,Crypto,Crypto,0.00997800385804284
Combined - Risk Parity,Combined,risk_parity,Risk Parity,2023-12-01,ETH-USD,Crypto,Crypto,0.008472661742336428
Combined - Risk Parity,Combined,risk_parity,Risk Parity,2023-12-01,XRP-USD,Crypto,Crypto,0.008410901049312882
Combined - Risk Parity,Combined,risk_parity,Risk Parity,2023-12-01,LTC-USD,Crypto,Crypto,0.008410479454415637
Combined - Risk Parity,Combined,risk_parity,Risk Parity,2023-12-01,BCH-USD,Crypto,Crypto,0.008134705368708079
Combined - Risk Parity,Combined,risk_parity,Risk Parity,2023-12-01,EOS-USD,Crypto,Crypto,0.007963342445435324
Combined - Risk Parity,Combined,risk_parity,Risk Parity,2023-12-01,XLM-USD,Crypto,Crypto,0.007962146877667527
Combined - Risk Parity,Combined,risk_parity,Risk Parity,2023-12-01,ADA-USD,Crypto,Crypto,0.007749741881755158
Combined - Risk Parity,Combined,risk_parity,Risk Parity,2023-12-01,ETC-USD,Crypto,Crypto,0.007612169340398552
Crypto - Equal Weight,Crypto,equal_weight,Equal Weight,2023-12-01,ADA-USD,Crypto,Crypto,0.1
Crypto - Equal Weight,Crypto,equal_weight,Equal Weight,2023-12-01,BCH-USD,Crypto,Crypto,0.1
Crypto - Equal Weight,Crypto,equal_weight,Equal Weight,2023-12-01,BTC-USD,Crypto,Crypto,0.1
Crypto - Equal Weight,Crypto,equal_weight,Equal Weight,2023-12-01,EOS-USD,Crypto,Crypto,0.1
Crypto - Equal Weight,Crypto,equal_weight,Equal Weight,2023-12-01,ETC-USD,Crypto,Crypto,0.1
Crypto - Equal Weight,Crypto,equal_weight,Equal Weight,2023-12-01,ETH-USD,Crypto,Crypto,0.1
Crypto - Equal Weight,Crypto,equal_weight,Equal Weight,2023-12-01,LTC-USD,Crypto,Crypto,0.1
Crypto - Equal Weight,Crypto,equal_weight,Equal Weight,2023-12-01,TRX-USD,Crypto,Crypto,0.1
Crypto - Equal Weight,Crypto,equal_weight,Equal Weight,2023-12-01,XLM-USD,Crypto,Crypto,0.1
Crypto - Equal Weight,Crypto,equal_weight,Equal Weight,2023-12-01,XRP-USD,Crypto,Crypto,0.1
Crypto - Maximum Sharpe,Crypto,max_sharpe,Maximum Sharpe,2023-12-01,ETH-USD,Crypto,Crypto,0.580650612574959
Crypto - Maximum Sharpe,Crypto,max_sharpe,Maximum Sharpe,2023-12-01,ADA-USD,Crypto,Crypto,0.22100438955685664
Crypto - Maximum Sharpe,Crypto,max_sharpe,Maximum Sharpe,2023-12-01,TRX-USD,Crypto,Crypto,0.19834499786818405
Crypto - Minimum Variance,Crypto,min_variance,Minimum Variance,2023-12-01,BTC-USD,Crypto,Crypto,0.8729425522117655
Crypto - Minimum Variance,Crypto,min_variance,Minimum Variance,2023-12-01,TRX-USD,Crypto,Crypto,0.12705744778823405
Crypto - Risk Parity,Crypto,risk_parity,Risk Parity,2023-12-01,BTC-USD,Crypto,Crypto,0.14318661134526803
Crypto - Risk Parity,Crypto,risk_parity,Risk Parity,2023-12-01,TRX-USD,Crypto,Crypto,0.11246619204265156
Crypto - Risk Parity,Crypto,risk_parity,Risk Parity,2023-12-01,ETH-USD,Crypto,Crypto,0.10509717011492793
Crypto - Risk Parity,Crypto,risk_parity,Risk Parity,2023-12-01,LTC-USD,Crypto,Crypto,0.0971771820565488
Crypto - Risk Parity,Crypto,risk_parity,Risk Parity,2023-12-01,ADA-USD,Crypto,Crypto,0.09572819132560262
Crypto - Risk Parity,Crypto,risk_parity,Risk Parity,2023-12-01,XLM-USD,Crypto,Crypto,0.09164822932087702
Crypto - Risk Parity,Crypto,risk_parity,Risk Parity,2023-12-01,XRP-USD,Crypto,Crypto,0.09112275870642417
Crypto - Risk Parity,Crypto,risk_parity,Risk Parity,2023-12-01,BCH-USD,Crypto,Crypto,0.09088011826259314
Crypto - Risk Parity,Crypto,risk_parity,Risk Parity,2023-12-01,EOS-USD,Crypto,Crypto,0.08658823946659369
Crypto - Risk Parity,Crypto,risk_parity,Risk Parity,2023-12-01,ETC-USD,Crypto,Crypto,0.0861053073585131
Equity - Equal Weight,Equity,equal_weight,Equal Weight,2023-12-01,ABBV,Healthcare,Equity,0.02
Equity - Equal Weight,Equity,equal_weight,Equal Weight,2023-12-01,ABT,Healthcare,Equity,0.02
Equity - Equal Weight,Equity,equal_weight,Equal Weight,2023-12-01,ADBE,Tech,Equity,0.02
Equity - Equal Weight,Equity,equal_weight,Equal Weight,2023-12-01,AEP,Utilities,Equity,0.02
Equity - Equal Weight,Equity,equal_weight,Equal Weight,2023-12-01,AMD,Tech,Equity,0.02
Equity - Equal Weight,Equity,equal_weight,Equal Weight,2023-12-01,AMGN,Healthcare,Equity,0.02
Equity - Equal Weight,Equity,equal_weight,Equal Weight,2023-12-01,AMT,RealEstate,Equity,0.02
Equity - Equal Weight,Equity,equal_weight,Equal Weight,2023-12-01,BA,Industrials,Equity,0.02
Equity - Equal Weight,Equity,equal_weight,Equal Weight,2023-12-01,CAT,Industrials,Equity,0.02
Equity - Equal Weight,Equity,equal_weight,Equal Weight,2023-12-01,CCI,RealEstate,Equity,0.02
Equity - Equal Weight,Equity,equal_weight,Equal Weight,2023-12-01,CMCSA,Comm,Equity,0.02
Equity - Equal Weight,Equity,equal_weight,Equal Weight,2023-12-01,COP,Energy,Equity,0.02
Equity - Equal Weight,Equity,equal_weight,Equal Weight,2023-12-01,CVX,Energy,Equity,0.02
Equity - Equal Weight,Equity,equal_weight,Equal Weight,2023-12-01,D,Utilities,Equity,0.02
Equity - Equal Weight,Equity,equal_weight,Equal Weight,2023-12-01,DD,Materials,Equity,0.02
Equity - Equal Weight,Equity,equal_weight,Equal Weight,2023-12-01,DIS,Consumer,Equity,0.02
Equity - Equal Weight,Equity,equal_weight,Equal Weight,2023-12-01,DOW,Materials,Equity,0.02
Equity - Equal Weight,Equity,equal_weight,Equal Weight,2023-12-01,DUK,Utilities,Equity,0.02
Equity - Equal Weight,Equity,equal_weight,Equal Weight,2023-12-01,EA,Comm,Equity,0.02
Equity - Equal Weight,Equity,equal_weight,Equal Weight,2023-12-01,GE,Industrials,Equity,0.02
Equity - Equal Weight,Equity,equal_weight,Equal Weight,2023-12-01,GILD,Healthcare,Equity,0.02
Equity - Equal Weight,Equity,equal_weight,Equal Weight,2023-12-01,GS,Financials,Equity,0.02
Equity - Equal Weight,Equity,equal_weight,Equal Weight,2023-12-01,INTC,Tech,Equity,0.02
Equity - Equal Weight,Equity,equal_weight,Equal Weight,2023-12-01,KO,Consumer,Equity,0.02
Equity - Equal Weight,Equity,equal_weight,Equal Weight,2023-12-01,MMM,Industrials,Equity,0.02
Equity - Equal Weight,Equity,equal_weight,Equal Weight,2023-12-01,MRK,Healthcare,Equity,0.02
Equity - Equal Weight,Equity,equal_weight,Equal Weight,2023-12-01,MS,Financials,Equity,0.02
Equity - Equal Weight,Equity,equal_weight,Equal Weight,2023-12-01,NEE,Utilities,Equity,0.02
Equity - Equal Weight,Equity,equal_weight,Equal Weight,2023-12-01,NEM,Materials,Equity,0.02
Equity - Equal Weight,Equity,equal_weight,Equal Weight,2023-12-01,NKE,Consumer,Equity,0.02
Equity - Equal Weight,Equity,equal_weight,Equal Weight,2023-12-01,NUE,Materials,Equity,0.02
Equity - Equal Weight,Equity,equal_weight,Equal Weight,2023-12-01,NVDA,Tech,Equity,0.02
Equity - Equal Weight,Equity,equal_weight,Equal Weight,2023-12-01,O,RealEstate,Equity,0.02
Equity - Equal Weight,Equity,equal_weight,Equal Weight,2023-12-01,OXY,Energy,Equity,0.02
Equity - Equal Weight,Equity,equal_weight,Equal Weight,2023-12-01,PLD,RealEstate,Equity,0.02
Equity - Equal Weight,Equity,equal_weight,Equal Weight,2023-12-01,PSA,RealEstate,Equity,0.02
Equity - Equal Weight,Equity,equal_weight,Equal Weight,2023-12-01,QCOM,Tech,Equity,0.02
Equity - Equal Weight,Equity,equal_weight,Equal Weight,2023-12-01,SBUX,Consumer,Equity,0.02
Equity - Equal Weight,Equity,equal_weight,Equal Weight,2023-12-01,SHW,Materials,Equity,0.02
Equity - Equal Weight,Equity,equal_weight,Equal Weight,2023-12-01,SLB,Energy,Equity,0.02
Equity - Equal Weight,Equity,equal_weight,Equal Weight,2023-12-01,SO,Utilities,Equity,0.02
Equity - Equal Weight,Equity,equal_weight,Equal Weight,2023-12-01,T,Comm,Equity,0.02
Equity - Equal Weight,Equity,equal_weight,Equal Weight,2023-12-01,TMUS,Comm,Equity,0.02
Equity - Equal Weight,Equity,equal_weight,Equal Weight,2023-12-01,TTWO,Comm,Equity,0.02
Equity - Equal Weight,Equity,equal_weight,Equal Weight,2023-12-01,UPS,Industrials,Equity,0.02
Equity - Equal Weight,Equity,equal_weight,Equal Weight,2023-12-01,USB,Financials,Equity,0.02
Equity - Equal Weight,Equity,equal_weight,Equal Weight,2023-12-01,V,Financials,Equity,0.02
Equity - Equal Weight,Equity,equal_weight,Equal Weight,2023-12-01,WFC,Financials,Equity,0.02
Equity - Equal Weight,Equity,equal_weight,Equal Weight,2023-12-01,WMT,Consumer,Equity,0.02
Equity - Equal Weight,Equity,equal_weight,Equal Weight,2023-12-01,XOM,Energy,Equity,0.02
Equity - Maximum Sharpe,Equity,max_sharpe,Maximum Sharpe,2023-12-01,NVDA,Tech,Equity,0.4001950626711795
Equity - Maximum Sharpe,Equity,max_sharpe,Maximum Sharpe,2023-12-01,ABBV,Healthcare,Equity,0.34855168619456905
Equity - Maximum Sharpe,Equity,max_sharpe,Maximum Sharpe,2023-12-01,NUE,Materials,Equity,0.2395619720282801
Equity - Maximum Sharpe,Equity,max_sharpe,Maximum Sharpe,2023-12-01,TMUS,Comm,Equity,0.011691279105965229
Equity - Minimum Variance,Equity,min_variance,Minimum Variance,2023-12-01,WMT,Consumer,Equity,0.1986083340083145
Equity - Minimum Variance,Equity,min_variance,Minimum Variance,2023-12-01,MRK,Healthcare,Equity,0.12822883534740045
Equity - Minimum Variance,Equity,min_variance,Minimum Variance,2023-12-01,ABBV,Healthcare,Equity,0.11873564802917183
Equity - Minimum Variance,Equity,min_variance,Minimum Variance,2023-12-01,KO,Consumer,Equity,0.10227000821981931
Equity - Minimum Variance,Equity,min_variance,Minimum Variance,2023-12-01,GILD,Healthcare,Equity,0.10151586951996038
Equity - Minimum Variance,Equity,min_variance,Minimum Variance,2023-12-01,EA,Comm,Equity,0.10148586643782609
Equity - Minimum Variance,Equity,min_variance,Minimum Variance,2023-12-01,NEM,Materials,Equity,0.07878492810417971
Equity - Minimum Variance,Equity,min_variance,Minimum Variance,2023-12-01,PSA,RealEstate,Equity,0.04836109307932342
Equity - Minimum Variance,Equity,min_variance,Minimum Variance,2023-12-01,MMM,Industrials,Equity,0.043154619943587186
Equity - Minimum Variance,Equity,min_variance,Minimum Variance,2023-12-01,TTWO,Comm,Equity,0.034729482638878054
Equity - Minimum Variance,Equity,min_variance,Minimum Variance,2023-12-01,T,Comm,Equity,0.0322933036922843
Equity - Minimum Variance,Equity,min_variance,Minimum Variance,2023-12-01,UPS,Industrials,Equity,0.011832010979254754
Equity - Risk Parity,Equity,risk_parity,Risk Parity,2023-12-01,WMT,Consumer,Equity,0.036443688114415854
Equity - Risk Parity,Equity,risk_parity,Risk Parity,2023-12-01,GILD,Healthcare,Equity,0.03335273545277251
Equity - Risk Parity,Equity,risk_parity,Risk Parity,2023-12-01,NEM,Materials,Equity,0.032138854784295734
Equity - Risk Parity,Equity,risk_parity,Risk Parity,2023-12-01,MRK,Healthcare,Equity,0.03211814302086119
Equity - Risk Parity,Equity,risk_parity,Risk Parity,2023-12-01,EA,Comm,Equity,0.03063863754001108
Equity - Risk Parity,Equity,risk_parity,Risk Parity,2023-12-01,ABBV,Healthcare,Equity,0.02979130529516023
Equity - Risk Parity,Equity,risk_parity,Risk Parity,2023-12-01,AMGN,Healthcare,Equity,0.026613004842975154
Equity - Risk Parity,Equity,risk_parity,Risk Parity,2023-12-01,TTWO,Comm,Equity,0.026055494164551718
Equity - Risk Parity,Equity,risk_parity,Risk Parity,2023-12-01,KO,Consumer,Equity,0.025280996099733763
Equity - Risk Parity,Equity,risk_parity,Risk Parity,2023-12-01,AEP,Utilities,Equity,0.025009248030894226
Equity - Risk Parity,Equity,risk_parity,Risk Parity,2023-12-01,PSA,RealEstate,Equity,0.02475823385458062
Equity - Risk Parity,Equity,risk_parity,Risk Parity,2023-12-01,T,Comm,Equity,0.02350316829099326
Equity - Risk Parity,Equity,risk_parity,Risk Parity,2023-12-01,TMUS,Comm,Equity,0.0232721984615822
Equity - Risk Parity,Equity,risk_parity,Risk Parity,2023-12-01,ABT,Healthcare,Equity,0.022728149517104286
Equity - Risk Parity,Equity,risk_parity,Risk Parity,2023-12-01,DUK,Utilities,Equity,0.022380829043968146
Equity - Risk Parity,Equity,risk_parity,Risk Parity,2023-12-01,UPS,Industrials,Equity,0.021781287150337912
Equity - Risk Parity,Equity,risk_parity,Risk Parity,2023-12-01,MMM,Industrials,Equity,0.021613185258893813
Equity - Risk Parity,Equity,risk_parity,Risk Parity,2023-12-01,D,Utilities,Equity,0.021571785538750252
Equity - Risk Parity,Equity,risk_parity,Risk Parity,2023-12-01,SO,Utilities,Equity,0.02056541558869545
Equity - Risk Parity,Equity,risk_parity,Risk Parity,2023-12-01,CMCSA,Comm,Equity,0.02050040449358851
Equity - Risk Parity,Equity,risk_parity,Risk Parity,2023-12-01,NEE,Utilities,Equity,0.020041558608178398
Equity - Risk Parity,Equity,risk_parity,Risk Parity,2023-12-01,SHW,Materials,Equity,0.019761625444557774
Equity - Risk Parity,Equity,risk_parity,Risk Parity,2023-12-01,CCI,RealEstate,Equity,0.019618101979672193
Equity - Risk Parity,Equity,risk_parity,Risk Parity,2023-12-01,AMT,RealEstate,Equity,0.01874248483801625
Equity - Risk Parity,Equity,risk_parity,Risk Parity,2023-12-01,O,RealEstate,Equity,0.01815411748050231
Equity - Risk Parity,Equity,risk_parity,Risk Parity,2023-12-01,V,Financials,Equity,0.017956412076134864
Equity - Risk Parity,Equity,risk_parity,Risk Parity,2023-12-01,CAT,Industrials,Equity,0.017952944567587836
Equity - Risk Parity,Equity,risk_parity,Risk Parity,2023-12-01,NKE,Consumer,Equity,0.0179008200469408
Equity - Risk Parity,Equity,risk_parity,Risk Parity,2023-12-01,XOM,Energy,Equity,0.01765716016004915
Equity - Risk Parity,Equity,risk_parity,Risk Parity,2023-12-01,DIS,Consumer,Equity,0.017347868118752136
Equity - Risk Parity,Equity,risk_parity,Risk Parity,2023-12-01,SBUX,Consumer,Equity,0.017194220088379925
Equity - Risk Parity,Equity,risk_parity,Risk Parity,2023-12-01,ADBE,Tech,Equity,0.017137475529008097
Equity - Risk Parity,Equity,risk_parity,Risk Parity,2023-12-01,PLD,RealEstate,Equity,0.01671640298519088
Equity - Risk Parity,Equity,risk_parity,Risk Parity,2023-12-01,INTC,Tech,Equity,0.01592494303081844
Equity - Risk Parity,Equity,risk_parity,Risk Parity,2023-12-01,DD,Materials,Equity,0.015740972685671987
Equity - Risk Parity,Equity,risk_parity,Risk Parity,2023-12-01,CVX,Energy,Equity,0.015628815789954162
Equity - Risk Parity,Equity,risk_parity,Risk Parity,2023-12-01,GS,Financials,Equity,0.01562242796595788
Equity - Risk Parity,Equity,risk_parity,Risk Parity,2023-12-01,QCOM,Tech,Equity,0.015428148367124347
Equity - Risk Parity,Equity,risk_parity,Risk Parity,2023-12-01,GE,Industrials,Equity,0.01521222641219899
Equity - Risk Parity,Equity,risk_parity,Risk Parity,2023-12-01,NUE,Materials,Equity,0.01506003308960279
Equity - Risk Parity,Equity,risk_parity,Risk Parity,2023-12-01,DOW,Materials,Equity,0.014676937800561497
Equity - Risk Parity,Equity,risk_parity,Risk Parity,2023-12-01,USB,Financials,Equity,0.014625073221728933
Equity - Risk Parity,Equity,risk_parity,Risk Parity,2023-12-01,AMD,Tech,Equity,0.014263887636906707
Equity - Risk Parity,Equity,risk_parity,Risk Parity,2023-12-01,WFC,Financials,Equity,0.014154130698672732
Equity - Risk Parity,Equity,risk_parity,Risk Parity,2023-12-01,MS,Financials,Equity,0.013981068637992774
Equity - Risk Parity,Equity,risk_parity,Risk Parity,2023-12-01,COP,Energy,Equity,0.013838668037648195
Equity - Risk Parity,Equity,risk_parity,Risk Parity,2023-12-01,SLB,Energy,Equity,0.013364196420861028
Equity - Risk Parity,Equity,risk_parity,Risk Parity,2023-12-01,NVDA,Tech,Equity,0.013080953813140544
Equity - Risk Parity,Equity,risk_parity,Risk Parity,2023-12-01,BA,Industrials,Equity,0.011902049593007957
Equity - Risk Parity,Equity,risk_parity,Risk Parity,2023-12-01,OXY,Energy,Equity,0.01119751033101448
