date,score_100,total_headlines,average_sector_coverage,market_z_full_sample
2020-01-02,57.817240769230764,138,0.78,0.5976593736878838
2020-01-03,51.04638353625541,91,0.62,-2.2394516037736065
2020-01-06,55.335305099772235,164,0.8400000000000001,-0.442316317850916
2020-01-07,60.0295210515873,105,0.6799999999999999,1.5246446073637134
2020-01-08,55.8666070271164,116,0.6599999999999999,-0.21969125302552833
2020-01-09,57.56951468253968,98,0.8,0.493857687169972
2020-01-10,54.72678416666666,103,0.8400000000000001,-0.6972975351362011
2020-01-13,59.29788464285714,181,0.76,1.2180757911420945
2020-01-14,58.681758333333335,126,0.6599999999999999,0.9599077843290653
2020-01-15,54.61864906746032,152,0.74,-0.7426080868803838
2020-01-16,59.10509619200244,144,0.74,1.1372939622794427
2020-01-17,58.82838830475081,165,0.78,1.0213483799906247
2020-01-21,54.89144696608946,241,0.9,-0.628300860158803
2020-01-22,54.89972303571428,119,0.72,-0.6248330381128057
2020-01-23,54.10303325396825,166,0.9199999999999999,-0.9586603878337526
2020-01-24,55.70788604293925,182,0.8,-0.2861982005312883
2020-01-27,52.309128185425685,202,0.86,-1.710338881023515
2020-01-28,55.37039744734433,178,0.78,-0.42761199296324776
2020-01-29,56.93736061507936,175,0.8,0.22897376146792592
2020-01-30,53.723179909951156,182,0.8,-1.1178257719283715
2020-01-31,54.53972395021644,177,0.8200000000000001,-0.775679130741641
2020-02-03,56.74797884216142,196,0.8400000000000001,0.14961939194143975
2020-02-04,57.58228977092352,174,0.8800000000000001,0.49921067900611904
2020-02-05,53.28385170469577,201,0.78,-1.3019121927390473
2020-02-06,59.37512847069597,151,0.8400000000000001,1.2504423444989405
2020-02-07,56.62047509650072,124,0.74,0.09619302892204432
2020-02-10,56.1271681547619,172,0.86,-0.11051145346594873
2020-02-11,54.61479034313726,190,0.82,-0.7442249617839977
2020-02-12,58.028405249183,130,0.8400000000000001,0.6861410892976482
2020-02-13,55.15322360310033,191,0.8800000000000001,-0.5186117403100712
2020-02-14,59.46869038306452,146,0.74,1.2896464688098672
2020-02-18,55.37940890522875,253,0.9,-0.42383603000802483
2020-02-19,57.46969686868687,129,0.8,0.4520322276035197
2020-02-20,56.285212855755354,193,0.78,-0.04428788077940454
2020-02-21,54.530736369047624,124,0.8,-0.7794450889235229
2020-02-24,51.728492879000086,192,0.9,-1.9536355191122623
2020-02-25,55.813230448717945,150,0.86,-0.24205699953338203
2020-02-26,57.26974368113912,189,0.8400000000000001,0.3682482451843767
2020-02-27,55.437287317460324,211,0.9199999999999999,-0.3995839341433361
2020-02-28,51.35375086309524,176,0.86,-2.1106591647832667
2020-03-02,56.45616526022589,197,0.8800000000000001,0.02734425185288489
2020-03-03,56.95782271367521,149,0.82,0.23754774885987015
2020-03-04,65.06738916666667,146,0.8800000000000001,3.635601970736455
2020-03-05,57.240886503080254,140,0.86,0.356156568483436
2020-03-06,53.55268408757909,153,0.74,-1.1892665884482254
2020-03-09,50.052307022845575,230,0.9199999999999999,-2.6559875447319055
2020-03-10,54.8684918390426,172,0.86,-0.6379194713172989
2020-03-11,55.84679543650793,163,0.8800000000000001,-0.22799266586916647
2020-03-12,48.48307804469507,218,0.8800000000000001,-3.3135227144854515
2020-03-13,55.6579838138033,172,0.82,-0.3071081322001908
2020-03-16,50.74957366363442,262,0.9,-2.36382027953461
2020-03-17,55.81961246031746,164,0.8400000000000001,-0.23938282187104964
2020-03-18,51.96462710137085,168,0.82,-1.8546910322635806
2020-03-19,52.29417055555556,156,0.76,-1.7166063970028305
2020-03-20,53.04683027264402,181,0.8,-1.4012284364035377
2020-03-23,53.115227334462915,244,0.9400000000000001,-1.3725688371481537
2020-03-24,63.90620043192918,186,0.8800000000000001,3.149043002961458
2020-03-25,59.59888704365079,159,0.82,1.3442012116242892
2020-03-26,60.500119898989894,175,0.9199999999999999,1.7218339897426873
2020-03-27,64.77982289377289,149,0.78,3.5151065295386608
2020-03-30,55.50504023496241,183,0.9,-0.3711942429438164
2020-03-31,51.17377202380952,137,0.86,-2.186073535974183
2020-04-01,54.155078015873016,163,0.8800000000000001,-0.9368526963939939
2020-04-02,51.791663090659334,176,0.8400000000000001,-1.9271660640964072
2020-04-03,53.51780101686508,190,0.8,-1.203883222567801
2020-04-06,61.99475033987245,312,0.8800000000000001,2.348111030473115
2020-04-07,61.37904952798664,234,0.9199999999999999,2.0901213148244233
2020-04-08,59.37089338849016,229,0.8400000000000001,1.2486677688723806
2020-04-09,57.67627537698413,290,0.9400000000000001,0.5385923385955862
2020-04-13,52.77867197499396,345,0.9199999999999999,-1.5135915868559144
2020-04-14,61.886798939602066,226,0.82,2.3028774518875466
2020-04-15,51.65410427572427,262,0.9,-1.9848056820163025
2020-04-16,57.895657618944426,304,0.8800000000000001,0.6305174443110645
2020-04-17,59.555538092323175,314,0.86,1.3260372212400202
2020-04-20,53.43819138450215,319,0.9199999999999999,-1.2372410905772693
2020-04-21,46.336406017267265,230,0.9400000000000001,-4.21301690915903
2020-04-22,57.38179910175609,232,0.8800000000000001,0.415201482119896
2020-04-23,58.99456192460318,259,0.9199999999999999,1.0909781159052463
2020-04-24,50.78506337681333,206,0.78,-2.3489494513097173
2020-04-27,55.56923892316017,346,0.9800000000000001,-0.34429383775768274
2020-04-28,56.318815926653755,319,0.9,-0.030207589607709445
2020-04-29,56.86859111323224,404,0.8800000000000001,0.200158103141116
2020-04-30,53.89908738015457,321,0.9400000000000001,-1.044117377620333
2020-05-01,51.39708685015408,340,0.8800000000000001,-2.0925006066608214
2020-05-04,55.88616959754842,299,0.9400000000000001,-0.21149418411529758
2020-05-05,58.365620454174085,299,0.9199999999999999,0.8274403261487421
2020-05-06,53.96598848622782,247,0.8400000000000001,-1.0160846107322126
2020-05-07,57.310999087301596,181,0.8400000000000001,0.3855350024849383
2020-05-08,57.97235049152236,203,0.8,0.6626531375027971
2020-05-11,55.762456275448585,247,0.9199999999999999,-0.26333229147905673
2020-05-12,50.02201696969697,202,0.8400000000000001,-2.6686796218705684
2020-05-13,56.55607572177822,217,0.8800000000000001,0.06920853247201839
2020-05-14,55.71272562908497,219,0.9800000000000001,-0.28417032687985083
2020-05-15,54.744338757816266,258,0.96,-0.6899418456656219
2020-05-18,60.476896020923526,268,0.9400000000000001,1.7121027670726199
2020-05-19,54.51962877899878,155,0.78,-0.7840993689616903
2020-05-20,55.66316090695252,182,0.8400000000000001,-0.30493883704307784
2020-05-21,54.07589373737373,157,0.9,-0.9700323334831613
2020-05-22,53.74100805555556,135,0.78,-1.1103554582204258
2020-05-26,58.629389484126975,248,0.8800000000000001,0.9379642944801294
2020-05-27,56.34079493867243,175,0.8,-0.02099798820476547
2020-05-28,55.11364562770562,196,0.9400000000000001,-0.535195623944652
2020-05-29,56.413657698412706,152,0.8,0.009532818810409639
2020-06-01,53.662880347934234,221,0.8800000000000001,-1.1430923731057165
2020-06-02,58.642184547258296,142,0.8400000000000001,0.9433256560947845
2020-06-03,60.64573898378192,164,0.82,1.7828510057239562
2020-06-04,55.588477619047616,119,0.8,-0.3362324781076096
2020-06-05,60.31335078703703,141,0.72,1.6435743721581424
2020-06-08,59.814228913091554,150,0.82,1.434433328574272
2020-06-09,59.135771031746025,141,0.6799999999999999,1.1501472719230943
2020-06-10,51.534473259980764,160,0.7111111111111111,-2.0349332295826286
2020-06-11,56.74634792388167,164,0.8400000000000001,0.14893600784462402
2020-06-12,55.03223337301587,95,0.66,-0.5693088231353383
2020-06-15,58.24632386964887,144,0.66,0.7774529112787607
2020-06-16,58.62860729166666,113,0.68,0.9376365417688722
2020-06-17,47.72175416666666,80,0.7,-3.632531114372918
2020-06-18,56.21421053571428,97,0.72,-0.07403913009429315
2020-06-19,54.18504766313933,80,0.6888888888888889,-0.9242948750835982
2020-06-22,56.74114087301587,119,0.7111111111111111,0.1467541598653738
2020-06-23,55.81710590277778,123,0.78,-0.24043311456911712
2020-06-24,48.2019056962482,99,0.66,-3.4313389863235604
2020-06-25,51.919037117439565,133,0.6666666666666666,-1.8737940556213641
2020-06-26,55.061076396669776,85,0.54,-0.5572230773846901
2020-06-29,55.25584111721612,160,0.62,-0.4756131559713216
2020-06-30,58.80074404761905,119,0.64,1.009764938976639
2020-07-01,52.599818643578644,92,0.6799999999999999,-1.5885343500030524
2020-07-02,58.25603142045454,110,0.64,0.7815205496895818
2020-07-06,52.17456894802058,207,0.8,-1.7667216220007775
2020-07-07,55.49708225108225,80,0.52,-0.3745287813409499
2020-07-08,55.84257093253969,86,0.62,-0.22976280902390145
2020-07-09,54.97792876984126,89,0.62,-0.592063428718074
2020-07-10,55.70012669552669,93,0.64,-0.28944950667534586
2020-07-13,56.864296111111116,100,0.72,0.19835841999217585
2020-07-14,55.16615428791887,122,0.6888888888888889,-0.5131935507688542
2020-07-15,59.40298174028065,119,0.7555555555555555,1.2621133654904984
2020-07-16,55.3451161014911,102,0.7555555555555555,-0.4382053316465508
2020-07-17,51.02735229276896,75,0.6222222222222222,-2.247426037135928
2020-07-20,54.814868284493286,134,0.6599999999999999,-0.660388705275065
2020-07-21,58.858527452619846,144,0.7111111111111111,1.0339772251026051
2020-07-22,59.241039660493826,84,0.6666666666666666,1.194256720981949
2020-07-23,53.6049827991453,111,0.76,-1.1673524875321761
2020-07-24,57.81446146214896,154,0.72,0.596494794025339
2020-07-27,55.73966091269841,139,0.72,-0.2728839585233364
2020-07-28,58.242893233082704,120,0.6000000000000001,0.7760154128458968
2020-07-29,56.56546088268012,178,0.8200000000000001,0.07314108371388256
2020-07-30,54.49626854721667,197,0.86,-0.7938877262914366
2020-07-31,56.97651993691494,141,0.56,0.2453822217303262
2020-08-03,58.86565002695018,161,0.78,1.0369617118706844
2020-08-04,54.52844651320902,143,0.7,-0.7804045797107263
2020-08-05,54.83830080532213,135,0.7,-0.6505700575343732
2020-08-06,58.30094746031746,80,0.6,0.8003411783595482
2020-08-07,57.010434761226435,90,0.6222222222222222,0.25959314319005067
2020-08-10,57.63302569264069,104,0.74,0.5204699428633419
2020-08-11,58.64408956679895,102,0.5599999999999999,0.9441238935505585
2020-08-12,53.185926366843034,97,0.7333333333333333,-1.342944670818863
2020-08-13,49.95346309523809,71,0.62,-2.697404928442914
2020-08-14,57.740634375,69,0.6799999999999999,0.5655599164792225
2020-08-17,60.33402685185185,127,0.74,1.6522380152447445
2020-08-18,58.61104970238095,114,0.64,0.9302795960253339
2020-08-19,54.33126297699214,88,0.5777777777777778,-0.8630280284006554
2020-08-20,54.01177003968254,112,0.78,-0.9969013162980839
2020-08-21,55.66046222222222,93,0.6,-0.30606963449007574
2020-08-24,55.993692030423276,101,0.72,-0.16644035058488985
2020-08-25,53.896828009259266,86,0.56,-1.0450640946679175
2020-08-26,57.6525514484127,88,0.6799999999999999,0.5286515857687932
2020-08-27,54.99171709586466,128,0.72,-0.5862858720844363
2020-08-28,54.0571985042735,80,0.5777777777777778,-0.9778659724493696
2020-08-31,58.14679647058823,129,0.8,0.7357491407343254
2020-09-01,54.92402579365079,100,0.6888888888888889,-0.6146497453698327
2020-09-02,56.690901488095236,75,0.6,0.12570295385779742
2020-09-03,57.51238928571429,87,0.58,0.46992111830601124
2020-09-04,54.9166835515873,78,0.64,-0.6177262768695768
2020-09-08,52.68372746212121,143,0.78,-1.553375045648863
2020-09-09,55.695566428170594,70,0.5333333333333333,-0.2913603407294349
2020-09-10,57.5884625771605,52,0.48888888888888893,0.5017971958582798
2020-09-11,52.12261180555555,64,0.5599999999999999,-1.7884925993191525
2020-09-14,53.49938646135265,149,0.62,-1.2115992525757808
2020-09-15,53.01714528218695,91,0.6444444444444444,-1.4136669813903422
2020-09-16,56.375452146464646,78,0.5599999999999999,-0.006475994712333171
2020-09-17,57.045133848404674,106,0.7111111111111111,0.27413268489857023
2020-09-18,54.445324344636845,76,0.6222222222222222,-0.8152342635767513
2020-09-21,53.906431041666664,115,0.62,-1.0410402513460912
2020-09-22,63.72314601139601,70,0.6444444444444444,3.0723399079030966
2020-09-23,55.126671296296294,72,0.5333333333333333,-0.5297376344943073
2020-09-24,56.76103477182539,75,0.54,0.1550900613258447
2020-09-25,54.347369791666665,64,0.6000000000000001,-0.8562789833163089
2020-09-28,56.51952968471479,154,0.76,0.05389508553794213
2020-09-29,57.12982495590828,81,0.6666666666666666,0.30961978239955734
2020-09-30,58.76106212301587,128,0.6799999999999999,0.9931374987538286
2020-10-01,57.629779296875,103,0.65,0.5191096446400718
2020-10-02,56.502246362433866,76,0.65,0.04665306260303109
2020-10-05,60.293085307539684,137,0.7,1.6350827717053324
2020-10-06,57.27813888888889,79,0.6666666666666666,0.37176598824783214
2020-10-07,58.559697200176366,78,0.5555555555555556,0.9087619738525908
2020-10-08,54.2139538414903,114,0.6444444444444444,-0.9121826663788276
2020-10-09,56.334802827380955,86,0.675,-0.023508790624350434
2020-10-12,58.527339533244536,149,0.7,0.8952035293457058
2020-10-13,48.91857221177945,115,0.6666666666666666,-3.1310428246366153
2020-10-14,60.5097184692029,124,0.64,1.7258559633247965
2020-10-15,63.98369739057239,91,0.7111111111111111,3.181515622678756
2020-10-16,60.8234266159188,91,0.625,1.8573053199043712
2020-10-19,61.26709172348485,130,0.74,2.043208980797123
2020-10-20,58.31395447530864,64,0.5555555555555556,0.8057913516161583
2020-10-21,56.64213908730159,88,0.64,0.10527063076800089
2020-10-22,52.67198355642895,128,0.6,-1.5582959533879193
2020-10-23,62.1913518939394,95,0.5,2.430490618173299
2020-10-26,54.88687809523809,146,0.78,-0.6302152992321751
2020-10-27,53.293694878578215,132,0.7111111111111111,-1.2977877258194173
2020-10-28,54.94806020923521,179,0.7777777777777778,-0.6045788928994349
2020-10-29,54.7343019047619,124,0.76,-0.6941474676422644
2020-10-30,55.33625381994548,113,0.7111111111111111,-0.4419187870323731
2020-11-02,55.56265,148,0.74,-0.3470547150859384
2020-11-03,58.477839226190476,96,0.6,0.8744620102590485
2020-11-04,56.0204623015873,116,0.64,-0.1552231254129891
2020-11-05,56.99423456450956,106,0.8444444444444444,0.25280496935016594
2020-11-06,56.03694670868348,115,0.7,-0.14831586231168717
2020-11-09,57.50440342897842,164,0.8444444444444444,0.46657490068094715
2020-11-10,54.79219645061729,121,0.7555555555555555,-0.6698886114989786
2020-11-11,56.44292569444444,87,0.62,0.02179663563193841
2020-11-12,58.44654392829393,124,0.7777777777777778,0.8613487174882588
2020-11-13,59.27217777586074,92,0.6444444444444444,1.2073041514453609
2020-11-16,57.125292192460314,161,0.8,0.30772047297772537
2020-11-17,57.979267315423975,85,0.7000000000000001,0.6655514111401233
2020-11-18,58.14327160493828,99,0.7111111111111111,0.7342721586203256
2020-11-19,55.07953214285715,75,0.6799999999999999,-0.5494897877429553
2020-11-20,53.970906870039684,90,0.7,-1.0140237194412185
2020-11-23,54.983406375152626,153,0.76,-0.5897682135592929
2020-11-24,56.65244032738095,90,0.62,0.10958703566401558
2020-11-25,58.74562538580247,79,0.6666666666666666,0.9866692281793098
2020-11-27,61.43647553571428,77,0.52,2.1141838450639345
2020-11-30,56.57574686507936,110,0.78,0.07745109536746349
2020-12-01,61.196462499999996,60,0.6,2.0136140656506973
2020-12-02,56.15882805555556,94,0.68,-0.09724538552264755
2020-12-03,56.58058015613653,98,0.6000000000000001,0.07947633126355845
2020-12-04,55.42357882395382,94,0.6888888888888889,-0.40532803951633883
2020-12-07,56.40430076058201,164,0.6,0.005612093543067878
2020-12-08,55.14724598484848,99,0.64,-0.5211164698853451
2020-12-09,56.74844125631313,103,0.66,0.14981315178909213
2020-12-10,58.621721537698406,105,0.7,0.9347512869925206
2020-12-11,52.60800649436091,133,0.78,-1.5851034932390013
2020-12-14,55.32455909391534,145,0.7777777777777778,-0.4468190876083377
2020-12-15,60.299379298941794,79,0.6666666666666666,1.6377200673216112
2020-12-16,57.883782499999995,72,0.5599999999999999,0.6255415558590345
2020-12-17,58.473400674603184,101,0.7,0.8726021773015603
2020-12-18,57.913971458333336,86,0.64,0.6381912724515686
2020-12-21,57.07887491455913,214,0.8800000000000001,0.288270798564865
2020-12-22,55.05639907407407,89,0.6888888888888889,-0.5591829596898098
2020-12-23,57.73568353909465,76,0.6222222222222222,0.5634854271772971
2020-12-24,59.041458581349204,55,0.55,1.1106286586773486
2020-12-28,59.751844909812405,115,0.6799999999999999,1.408293309012304
2020-12-29,52.92973966049383,84,0.6000000000000001,-1.450291509166485
2020-12-30,57.34159291666666,61,0.62,0.3983543673227453
2020-12-31,62.33289428571429,84,0.58,2.4897994264472305
2021-01-04,56.985359583333334,115,0.6,0.2490861925906724
2021-01-05,57.28168078703705,108,0.76,0.3732501072849678
2021-01-06,57.68679218474426,104,0.6888888888888889,0.5429990702275593
2021-01-07,51.92371492063493,97,0.74,-1.8718339719363417
2021-01-08,55.25648279761905,83,0.64,-0.4753442803396949
2021-01-11,58.39920390786749,138,0.78,0.8415123973586609
2021-01-12,54.59386979166667,116,0.66,-0.7529910491772881
2021-01-13,57.392596287016126,121,0.66,0.4197256969678702
2021-01-14,52.30278442460318,91,0.58,-1.71299703092221
2021-01-15,59.46718806193805,123,0.6799999999999999,1.2890169692335343
2021-01-19,51.74249829288359,181,0.76,-1.9477669987601773
2021-01-20,55.886567871148465,101,0.6599999999999999,-0.21132730031257516
2021-01-21,50.54374305555555,81,0.7111111111111111,-2.4500670068816466
2021-01-22,56.1793275462963,87,0.6222222222222222,-0.0886557301493699
2021-01-25,56.901302771672775,167,0.8,0.21386487645788627
2021-01-26,56.91206256550466,152,0.64,0.21837342362485349
2021-01-27,58.86950833333333,114,0.6599999999999999,1.0385784116499586
2021-01-28,56.3148295734127,141,0.78,-0.031877943323801956
2021-01-29,52.09580069444445,109,0.7,-1.799726937163523
2021-02-01,60.38996657467533,139,0.82,1.6756777653735313
2021-02-02,57.65710471210076,121,0.66,0.5305594851599895
2021-02-03,57.046395833333335,113,0.6599999999999999,0.2746614792847607
2021-02-04,55.16787600609267,94,0.6888888888888889,-0.5124721198830888
2021-02-05,54.5115875,77,0.72,-0.7874688095118715
2021-02-08,56.825987738095236,138,0.72,0.18230652259243063
2021-02-09,56.42975,91,0.58,0.01627578265013983
2021-02-10,53.30317310405644,87,0.6444444444444444,-1.29381617884599
2021-02-11,54.22129861111111,102,0.8222222222222223,-0.9091050757871024
2021-02-12,58.40724722222222,84,0.7555555555555555,0.844882690759597
2021-02-16,55.18775100378788,145,0.76,-0.5041441383295141
2021-02-17,55.60076617965368,101,0.64,-0.331083350162203
2021-02-18,58.540655908289246,103,0.7777777777777778,0.9007833300296345
2021-02-19,61.37322361111111,70,0.68,2.0876801508546903
2021-02-22,57.09548763888889,115,0.8,0.29523182889525856
2021-02-23,57.25230505952381,93,0.72,0.3609411490347746
2021-02-24,52.57233038690477,101,0.74,-1.6000524240189868
2021-02-25,55.35417291666666,108,0.72,-0.43441036317043435
2021-02-26,52.57999694444444,78,0.64,-1.5968399985008097
2021-03-01,56.02604541666667,129,0.8400000000000001,-0.15288369976346247
2021-03-02,53.704637500000004,72,0.6,-1.1255953752460723
2021-03-03,55.693540283790284,98,0.6444444444444444,-0.2922093316718671
2021-03-04,59.4344459280303,82,0.62,1.275297426147794
2021-03-05,55.79345452380952,94,0.6799999999999999,-0.25034346780713196
2021-03-08,56.005006111111115,111,0.76,-0.16169954725454877
2021-03-09,50.886038910934744,82,0.6222222222222222,-2.306638886125196
2021-03-10,60.56312993610557,94,0.6,1.7482363287435023
2021-03-11,57.98973139329806,108,0.7333333333333333,0.6699360480013153
2021-03-12,59.148633730158735,63,0.58,1.1555369739373018
2021-03-15,59.15871492063492,131,0.76,1.1597611740912455
2021-03-16,51.914316944444444,87,0.6799999999999999,-1.8757718930146496
2021-03-17,55.297196759259265,73,0.7111111111111111,-0.4582843980336785
2021-03-18,54.36617067901235,83,0.7555555555555555,-0.848401073320706
2021-03-19,55.63324404761905,72,0.65,-0.31747453926004165
2021-03-22,53.9084109375,81,0.75,-1.0402106393767776
2021-03-23,55.17587569444445,88,0.62,-0.50912010656215
2021-03-24,56.629783301767674,93,0.7250000000000001,0.10009333436855813
2021-03-25,57.41492390873016,102,0.68,0.42908137210409764
2021-03-26,55.186925220458555,95,0.6000000000000001,-0.5044901563990172
2021-03-29,60.84532464526214,142,0.8444444444444446,1.8664809881096014
2021-03-30,56.9613146248813,85,0.7333333333333334,0.23901092246909222
2021-03-31,54.98092916666667,78,0.66,-0.5908062084759098
2021-04-01,50.03829861111111,80,0.78,-2.6618573212374703
2021-04-05,57.94786403929404,141,0.7,0.6523928735471892
2021-04-06,55.69853015873016,99,0.6,-0.2901184843122257
2021-04-07,54.84574458333334,55,0.58,-0.6474509806460655
2021-04-08,57.77868392857143,91,0.78,0.5815033638759984
2021-04-09,55.92351179453263,83,0.6444444444444444,-0.19584713185277575
2021-04-12,59.938598115079365,116,0.7,1.4865462614093201
2021-04-13,58.79321925451092,96,0.6666666666666666,1.0066119153053945
2021-04-14,56.07480142839687,149,0.8400000000000001,-0.13245405380618078
2021-04-15,56.93154695767195,91,0.7111111111111111,0.22653773443586123
2021-04-16,54.5984482473545,91,0.5777777777777778,-0.7510725938850255
2021-04-19,56.1246568627451,149,0.74,-0.11156372999509649
2021-04-20,55.6610952982203,106,0.7111111111111111,-0.30580436425885943
2021-04-21,56.63075591931217,97,0.76,0.10050087861553006
2021-04-22,56.51791031746031,137,0.72,0.053216541528500604
2021-04-23,60.33369230769231,99,0.64,1.652097835223984
2021-04-26,55.74215936819172,131,0.76,-0.27183706072843883
2021-04-27,56.58734756209583,137,0.7111111111111111,0.08231199609526782
2021-04-28,60.27112623205742,152,0.74,1.625881524069771
2021-04-29,58.58656313034188,132,0.7,0.9200192818668668
2021-04-30,55.47723189255189,135,0.7,-0.38284643864123097
2021-05-03,58.4056058531746,125,0.8,0.8441949276030524
2021-05-04,57.88011011904761,114,0.7777777777777778,0.62400276217975
2021-05-05,60.7092086111111,109,0.72,1.8094459212915213
2021-05-06,55.15832708333333,73,0.6,-0.5164732902890316
2021-05-07,53.866490575396824,56,0.6,-1.0577760251779815
2021-05-10,57.49015189594357,109,0.8444444444444444,0.4606032519771589
2021-05-11,55.968734259259264,86,0.6444444444444444,-0.17689810565282135
2021-05-12,61.45062619047619,81,0.7,2.1201132239567233
2021-05-13,53.90444861111111,66,0.54,-1.0418709254096108
2021-05-14,55.94908019659152,84,0.5555555555555556,-0.18513351145562237
2021-05-17,57.04462653642024,150,0.6799999999999999,0.27392011205136413
2021-05-18,55.94474487103175,115,0.6,-0.18695009085070644
2021-05-19,53.073474960317455,87,0.48,-1.3900638329732407
2021-05-20,57.213822839506165,85,0.6888888888888889,0.3448164066140601
2021-05-21,59.2524708994709,71,0.7111111111111111,1.1990466157429691
2021-05-24,58.609051111111114,119,0.76,0.9294421503318251
2021-05-25,60.148584722222225,84,0.6,1.574534427123915
2021-05-26,55.82611482503607,85,0.64,-0.23665821408685467
2021-05-27,57.75432618055555,105,0.7,0.5712970293005863
2021-05-28,60.960497499999995,78,0.7,1.9147404860194046
2021-06-01,59.030458870573874,150,0.72,1.1060195819953587
2021-06-02,60.02195630952381,84,0.6799999999999999,1.521474844361552
2021-06-03,57.70566041666666,84,0.8,0.5509051988122259
2021-06-04,61.41665583333334,67,0.58,2.1058790332417123
2021-06-07,59.75015762786596,113,0.8444444444444444,1.4075863075252517
2021-06-08,59.78955092592592,57,0.6666666666666666,1.4240928080345263
2021-06-09,55.752540151515156,70,0.52,-0.2674873257823038
2021-06-10,54.76855461309524,101,0.76,-0.6797949666993958
2021-06-11,56.46313333333334,60,0.56,0.03026399982934857
2021-06-14,57.255503015873025,101,0.76,0.3622811502711917
2021-06-15,57.38675972222222,64,0.62,0.4172800713288003
2021-06-16,56.52719896825397,89,0.7,0.05710865329894921
2021-06-17,56.696767037037034,89,0.64,0.12816072437621404
2021-06-18,56.951234375,77,0.66,0.234787116441326
2021-06-21,57.226437665343916,138,0.8,0.35010224556053
2021-06-22,48.95874861111111,53,0.5333333333333333,-3.1142081906077643
2021-06-23,55.81487395833333,82,0.7,-0.24136833944043823
2021-06-24,57.27515198412698,114,0.74,0.37051442142297275
2021-06-25,60.78627178571429,90,0.58,1.8417367776929734
2021-06-28,56.53910904761905,102,0.6799999999999999,0.06209919079611305
2021-06-29,58.962865059523814,80,0.6599999999999999,1.0776965592613066
2021-06-30,55.33360465367966,99,0.6222222222222222,-0.4430288353519996
2021-07-01,59.575462651515146,92,0.64,1.3343859699522687
2021-07-02,62.34698055555555,58,0.64,2.4957018269000835
2021-07-06,54.49538576388888,83,0.64,-0.7942576283856342
2021-07-07,59.22984821428571,67,0.6,1.1895673037046093
2021-07-08,57.41117736111111,94,0.66,0.4275115012573417
2021-07-09,55.627508377425045,81,0.6888888888888889,-0.3198778882468233
2021-07-12,59.42212321428572,99,0.6599999999999999,1.2701339874229898
2021-07-13,53.553111111111114,93,0.64,-1.189087657906839
2021-07-14,57.05106923076924,88,0.64,0.2766197168773159
2021-07-15,49.87081555555555,92,0.54,-2.732035734266371
2021-07-16,59.254735854700854,102,0.62,1.199995672727226
2021-07-19,52.02469936688311,159,0.82,-1.8295196724103877
2021-07-20,57.81529318181818,79,0.64,0.5968432995280407
2021-07-21,54.015776289682535,106,0.7,-0.9952226254820836
2021-07-22,55.66921815476191,117,0.72,-0.30240074125078686
2021-07-23,59.92541820987655,109,0.6888888888888889,1.481023644044017
2021-07-26,57.846754048382174,119,0.6,0.6100259685488056
2021-07-27,54.41996276254609,120,0.5777777777777778,-0.8258612226868973
2021-07-28,57.00057910052911,92,0.6222222222222222,0.2554634440703673
2021-07-29,58.828728908730156,126,0.76,1.0214910991848891
2021-07-30,56.13879787157286,80,0.5,-0.10563839292223097
2021-08-02,56.746126978114475,126,0.72,0.1488434275937092
2021-08-03,57.61169761904762,109,0.56,0.5115330963700612
2021-08-04,52.90954583333333,87,0.6799999999999999,-1.4587530860012443
2021-08-05,55.51692136243386,104,0.7555555555555556,-0.36621583681087977
2021-08-06,54.27659583333333,66,0.6,-0.8859345449677937
2021-08-09,56.7321139520202,103,0.7,0.14297171758837907
2021-08-10,55.87652658730159,79,0.62,-0.21553477887098138
2021-08-11,53.49619444444445,71,0.6,-1.2129367650795737
2021-08-12,59.963645535714285,86,0.6799999999999999,1.497041581218212
2021-08-13,57.637611476608186,82,0.6222222222222222,0.5223914688366081
2021-08-16,53.685138214285715,138,0.86,-1.1337659267211857
2021-08-17,58.66025760582011,92,0.6599999999999999,0.9508985927374739
2021-08-18,57.92106345899471,110,0.8,0.6411629483023832
2021-08-19,55.492863315696646,86,0.5777777777777778,-0.37629659115938724
2021-08-20,52.42336944444445,66,0.54,-1.6624697384779228
2021-08-23,54.43091700937951,120,0.78,-0.8212711962143904
2021-08-24,56.148495701058195,85,0.58,-0.10157482791950276
2021-08-25,57.350181250000006,71,0.54,0.40195303347973615
2021-08-26,56.58401979166667,73,0.75,0.08091760042420586
2021-08-27,57.367453977272724,97,0.6,0.40919061691562175
2021-08-30,57.450691865079364,98,0.7,0.4440687892224907
2021-08-31,52.97797773809524,88,0.64,-1.430078886925968
2021-09-01,54.87537753527337,75,0.6000000000000001,-0.6350342407339903
2021-09-02,57.39675954415955,103,0.7111111111111111,0.4214701766012734
2021-09-03,57.752752666170636,70,0.6,0.5706376984683106
2021-09-07,58.03915738095238,143,0.82,0.6906464259225964
2021-09-08,54.101716567460315,106,0.74,-0.9592121031656522
2021-09-09,52.08816481481482,120,0.7777777777777778,-1.8029265080855468
2021-09-10,52.58908958333334,87,0.66,-1.593030019244393
2021-09-13,55.67356804383117,147,0.8400000000000001,-0.3005780594832501
2021-09-14,57.68975277777778,83,0.72,0.5442396119649143
2021-09-15,55.657569113756615,108,0.7777777777777778,-0.3072818989795386
2021-09-16,56.285630000000005,73,0.7,-0.04411308983714111
2021-09-17,52.683596428571434,78,0.6599999999999999,-1.553429951063303
2021-09-20,56.10186030094904,167,0.86,-0.1211158994611701
2021-09-21,55.76880587301588,92,0.64,-0.26067169587930056
2021-09-22,57.305815714285714,95,0.82,0.38336307595072994
2021-09-23,57.793391666666665,89,0.72,0.5876661707064824
2021-09-24,53.83476901455027,84,0.6666666666666666,-1.0710679297926102
2021-09-27,58.13981587301587,154,0.8400000000000001,0.7328241447817707
2021-09-28,58.08751880952381,101,0.74,0.7109107344384351
2021-09-29,56.71441696428572,68,0.56,0.13555636138725058
2021-09-30,55.05209555555556,112,0.82,-0.5609862113624512
2021-10-01,54.820972755731916,88,0.58,-0.6578308220164482
2021-10-04,54.66971792328042,138,0.7555555555555555,-0.7212093176450812
2021-10-05,52.31368916666666,97,0.74,-1.7084277478388195
2021-10-06,57.086271211787185,126,0.6888888888888889,0.2913699801509258
2021-10-07,56.37034257936508,78,0.6599999999999999,-0.00861699523995555
2021-10-08,56.98383161375662,83,0.6888888888888889,0.24844594585231133
2021-10-11,58.20173862665113,134,0.8800000000000001,0.7587708924458082
2021-10-12,53.942664751984125,86,0.56,-1.0258576749368329
2021-10-13,53.92147166666666,105,0.72,-1.0347379589144101
2021-10-14,55.19579426587302,120,0.64,-0.5007738668304771
2021-10-15,62.05230071428571,94,0.6599999999999999,2.372225672591054
2021-10-18,56.752847040043285,157,0.72,0.15165925442499953
2021-10-19,54.07537134424604,96,0.72,-0.970251225600679
2021-10-20,55.689262222222226,81,0.72,-0.2940019164243388
2021-10-21,54.785881613756615,146,0.8888888888888888,-0.6725346417373722
2021-10-22,60.22911698412698,98,0.6799999999999999,1.6082788935080319
2021-10-25,57.15103416666667,119,0.72,0.31850682322695173
2021-10-26,56.26271761904761,137,0.7,-0.05371378961311958
2021-10-27,56.310847916666674,113,0.7,-0.03354632912399627
2021-10-28,55.34443099553224,130,0.7,-0.4384924033672681
2021-10-29,57.81237830590569,140,0.66,0.5956219140867731
2021-11-01,59.49257611111111,98,0.72,1.299655018527267
2021-11-02,55.238458582251084,134,0.74,-0.48289675080555267
2021-11-03,55.22672671957672,105,0.6888888888888889,-0.4878126123034756
2021-11-04,57.17708047334245,134,0.76,0.3294206942553198
2021-11-05,61.52451028806584,83,0.6666666666666666,2.151071989903013
2021-11-08,53.46752673076924,147,0.82,-1.2249490527956042
2021-11-09,57.951331249999996,99,0.68,0.6538456972025358
2021-11-10,53.24587624643875,110,0.6666666666666666,-1.3178245928662298
2021-11-11,55.180964628787876,110,0.78,-0.5069877515305005
2021-11-12,58.53247431657849,59,0.6222222222222222,0.8973550959291346
2021-11-15,60.173173826232244,134,0.76,1.5848377040225938
2021-11-16,54.72736580451251,119,0.62,-0.6970538184160604
2021-11-17,55.493244688436775,133,0.6,-0.3761367891209901
2021-11-18,55.94127779146142,122,0.72,-0.18840285955786867
2021-11-19,55.22006362665924,105,0.6666666666666666,-0.4906045680942367
2021-11-22,57.4351490079365,133,0.76,0.4375560524886
2021-11-23,57.401726851851855,81,0.6888888888888889,0.42355156787823467
2021-11-24,54.05176736111112,68,0.6,-0.9801417191319488
2021-11-26,52.49652098765432,76,0.6666666666666666,-1.6318179259942347
2021-11-29,52.12534308483183,122,0.72,-1.7873481441710635
2021-11-30,55.8778625450938,105,0.6799999999999999,-0.2149749885243119
2021-12-01,49.85001208333333,86,0.72,-2.740752763348527
2021-12-02,53.635527408008656,116,0.74,-1.1545537469699827
2021-12-03,55.90623883928572,93,0.6,-0.2030848108139481
2021-12-06,56.36100510822511,165,0.76,-0.012529563613709715
2021-12-07,56.240475876696834,129,0.72,-0.06303347975131152
2021-12-08,53.887492876984126,86,0.6799999999999999,-1.0489756830152348
2021-12-09,57.30123522727273,103,0.8,0.3814437694966851
2021-12-10,58.93386363636364,74,0.64,1.065544441268179
2021-12-13,55.43889971861472,140,0.8,-0.39890830905513736
2021-12-14,58.54606861111112,93,0.76,0.9030513498778274
2021-12-15,57.13712402777778,106,0.74,0.3126782248114541
2021-12-16,53.826544999999996,127,0.8,-1.0745139398259849
2021-12-17,53.270098809523816,110,0.72,-1.3076749032085877
2021-12-20,54.6621401221491,144,0.78,-0.7243845526315762
2021-12-21,60.28531560382438,112,0.7555555555555555,1.6318271260841315
2021-12-22,58.985276620370364,75,0.6444444444444444,1.0870874064039882
2021-12-23,56.41595939542484,111,0.76,0.01049727126232644
2021-12-27,56.410783333333335,117,0.66,0.008328408136942649
2021-12-28,54.18375675505051,101,0.64,-0.9248357887941763
2021-12-29,59.75509097222223,66,0.58,1.4096534675534678
2021-12-30,59.29236339285715,101,0.74,1.215762288073679
2021-12-31,57.52365784832452,72,0.6888888888888889,0.4746428487430354
2022-01-03,57.25585421245421,137,0.76,0.36242830795617065
2022-01-04,56.57874588235294,118,0.72,0.07870773755259691
2022-01-05,56.39626977272727,124,0.6799999999999999,0.002246965167362156
2022-01-06,58.82423222222222,107,0.8,1.0196069066498978
2022-01-07,54.727005694444436,113,0.7,-0.6972047110123845
2022-01-10,59.9738879563492,178,0.82,1.501333339708936
2022-01-11,53.928554523809524,102,0.72,-1.0317701143623288
2022-01-12,56.351528428030306,153,0.8,-0.016500463085584643
2022-01-13,59.4388256547619,167,0.8,1.2771326104325824
2022-01-14,57.774484722222226,174,0.8400000000000001,0.5797438208787046
2022-01-18,55.52716337176764,324,0.9400000000000001,-0.36192425066273104
2022-01-19,58.057767273845435,218,0.86,0.6984443058068637
2022-01-20,59.82885894570707,182,0.9,1.4405635754109574
2022-01-21,57.547121097211615,177,0.8800000000000001,0.4844743720928849
2022-01-24,56.36471366355867,222,0.9400000000000001,-0.010975612217995073
2022-01-25,57.58747627666452,202,0.86,0.5013839182085021
2022-01-26,57.80447656510614,230,0.82,0.5923109425521397
2022-01-27,59.70190640307609,233,0.9199999999999999,1.3873681763762726
2022-01-28,55.01785925671551,210,0.86,-0.5753318364324504
2022-01-31,57.49086089285714,212,0.9400000000000001,0.46090033443766165
2022-02-01,55.909205343926985,236,0.82,-0.20184179200660518
2022-02-02,57.52355502521415,239,0.8800000000000001,0.4745997640101689
2022-02-03,58.40173777777777,150,0.86,0.8425741344313177
2022-02-04,55.66562839285714,104,0.76,-0.30390491606293557
2022-02-07,57.57521856782107,188,0.86,0.49624771770660564
2022-02-08,58.69707845238096,211,0.8400000000000001,0.9663271897943503
2022-02-09,59.48137953296704,139,0.82,1.294963450876446
2022-02-10,56.91257627070394,162,0.9,0.2185886753440809
2022-02-11,56.530175,133,0.8400000000000001,0.0583556641345662
2022-02-14,56.41327517704517,237,0.9,0.00937253547646792
2022-02-15,57.65982836601307,158,0.82,0.5317007451434069
2022-02-16,57.66742658263306,145,0.78,0.5348845345868936
2022-02-17,54.49705257702804,200,0.9400000000000001,-0.7935592036970355
2022-02-18,52.259924999999996,139,0.8800000000000001,-1.7309559008031439
2022-02-22,55.343722098214286,204,0.86,-0.43878944409541576
2022-02-23,52.2548775,117,0.86,-1.733070894099559
2022-02-24,55.48448043650793,130,0.76,-0.37980916833398937
2022-02-25,53.21855238095238,125,0.8,-1.3292737840174638
2022-02-28,56.753684817925134,187,0.78,0.1520102984277723
2022-03-01,55.87197033208021,160,0.86,-0.21744393176845217
2022-03-02,57.78020763888888,146,0.72,0.5821418259081108
2022-03-03,54.02300148226773,138,0.78,-0.9921951398192786
2022-03-04,56.16149946428571,140,0.8400000000000001,-0.09612601721036246
2022-03-07,55.26201266636142,201,0.8400000000000001,-0.47302716586318583
2022-03-08,54.87416553571428,141,0.76,-0.6355420903511738
2022-03-09,54.82424464285714,172,0.8400000000000001,-0.6564598424549863
2022-03-10,53.67401573260073,176,0.9199999999999999,-1.138426446622773
2022-03-11,58.74734400793651,129,0.76,0.9873893617687249
2022-03-14,59.17329341269841,160,0.86,1.165869824509502
2022-03-15,58.18114497113997,162,0.8200000000000001,0.750141780339853
2022-03-16,58.58738386544012,149,0.7,0.9203631846367342
2022-03-17,53.726256352813856,148,0.6799999999999999,-1.1165366870286353
2022-03-18,57.17292667277168,110,0.82,0.3276801770959679
2022-03-21,56.53747347402598,218,0.96,0.0614138560392751
2022-03-22,54.58378786435786,134,0.74,-0.7572155580773563
2022-03-23,57.751625233585855,126,0.62,0.5701652839345864
2022-03-24,55.15075954462204,168,0.74,-0.5196442251369279
2022-03-25,56.04617208333333,138,0.6799999999999999,-0.14445026438372927
2022-03-28,58.28762619047619,186,0.78,0.7947593266678109
2022-03-29,53.67992831168831,147,0.86,-1.1359489696272778
2022-03-30,61.70092408730159,102,0.72,2.224992545183645
2022-03-31,57.26865317460317,143,0.86,0.3677913033293549
2022-04-01,60.06918994061493,139,0.7,1.5412665854458798
2022-04-04,55.55301155181506,211,0.86,-0.35109339825562647
2022-04-05,55.45896296932234,150,0.8800000000000001,-0.3905014461029933
2022-04-06,57.55230101190476,119,0.74,0.4866448495276567
2022-04-07,55.93010601190476,131,0.8,-0.19308403615447475
2022-04-08,59.007145028011195,132,0.7777777777777778,1.09625066258302
2022-04-11,58.46001797435,216,0.8,0.8669945851621979
2022-04-12,58.832302936507936,137,0.8400000000000001,1.0229886811147975
2022-04-13,58.74239354166666,148,0.76,0.9853150273507205
2022-04-14,57.66903,187,0.8,0.5355563953065428
2022-04-18,57.52790046536796,149,0.82,0.4764205816021042
2022-04-19,56.69271492063492,156,0.9199999999999999,0.12646281471266343
2022-04-20,56.752898263888895,132,0.78,0.15168071813774464
2022-04-21,55.89015773548455,190,0.96,-0.20982308257986285
2022-04-22,55.49637587301587,148,0.8800000000000001,-0.374824766457368
2022-04-25,58.45453909992786,277,0.9400000000000001,0.8646988382231694
2022-04-26,56.56475324224387,212,0.9,0.07284456964177762
2022-04-27,56.048214734848486,207,0.8400000000000001,-0.14359435665486026
2022-04-28,58.132818718434336,211,0.8800000000000001,0.7298922111445376
2022-04-29,56.89766824374699,194,0.8,0.21234194387766436
2022-05-02,57.10861012265512,166,0.8400000000000001,0.3007303856457124
2022-05-03,57.6951853968254,150,0.74,0.5465159770699587
2022-05-04,54.74664548329086,143,0.76,-0.6889752861974802
2022-05-05,57.36512797619048,166,0.86,0.40821598062113795
2022-05-06,54.03611325396825,150,0.8400000000000001,-0.9867010716170498
2022-05-09,54.96739450882451,165,0.82,-0.5964774735785261
2022-05-10,56.5765600801282,141,0.8400000000000001,0.07779184710136132
2022-05-11,54.635554563492065,140,0.78,-0.7355243799403656
2022-05-12,55.233328647292254,164,0.8400000000000001,-0.48504628583259174
2022-05-13,56.488452009379515,143,0.76,0.04087298053500604
2022-05-16,54.626302754884,206,0.8,-0.7394010541723186
2022-05-17,56.20299338780093,199,0.9,-0.07873931684845811
2022-05-18,54.65505285359801,148,0.82,-0.7273542456430587
2022-05-19,58.107382639790764,149,0.74,0.7192340366386868
2022-05-20,57.962749692316535,153,0.8400000000000001,0.6586302299326005
2022-05-23,55.83553568118666,186,0.9,-0.23271070589368875
2022-05-24,59.64693763888889,118,0.78,1.3643352753820732
2022-05-25,56.321953728354984,147,0.8,-0.02889279425088263
2022-05-26,57.913740454260655,162,0.86,0.638094477589723
2022-05-27,54.969600575396825,101,0.8,-0.5955530920011332
2022-05-31,60.56839724664225,160,0.86,1.7504434266088267
2022-06-01,59.84080587301587,127,0.78,1.4455695528593746
2022-06-02,56.15186321428571,120,0.8400000000000001,-0.10016377930102006
2022-06-03,55.44209430555556,111,0.76,-0.3975697196614398
2022-06-06,55.397487918192915,153,0.8400000000000001,-0.4162605983636389
2022-06-07,58.91766958333333,125,0.8400000000000001,1.058758841743479
2022-06-08,59.468505679563485,117,0.6799999999999999,1.2895690747204147
2022-06-09,55.14561614087302,119,0.82,-0.5217994038293399
2022-06-10,53.4245321969697,129,0.8400000000000001,-1.242964535860206
2022-06-13,56.21656022005773,198,0.9,-0.0730545700873408
2022-06-14,55.892152499999995,140,0.8800000000000001,-0.20898724036528238
2022-06-15,55.313160606060606,139,0.9,-0.4515952590599571
2022-06-16,55.43592961399711,134,0.9,-0.4001528363173268
2022-06-17,58.99880791666667,122,0.8,1.0927572629584243
2022-06-21,57.041023425141034,217,0.86,0.2724103436111936
2022-06-22,57.86406154401154,160,0.82,0.617278120551554
2022-06-23,55.70912428571428,181,0.9,-0.2856793545345519
2022-06-24,53.55146325396826,119,0.72,-1.1897781396919989
2022-06-27,57.71235961484594,225,0.8800000000000001,0.5537122833571564
2022-06-28,57.49258099298491,166,0.86,0.4616210873330353
2022-06-29,57.28383273989899,156,0.78,0.3741518142442972
2022-06-30,56.969826633089134,143,0.82,0.24257760702553002
2022-07-01,56.56610967261904,112,0.8,0.07341293836897939
2022-07-05,58.64368421162171,228,0.8400000000000001,0.9439540424396081
2022-07-06,56.78706436507937,126,0.8800000000000001,0.16599692912982789
2022-07-07,55.56087484126984,142,0.82,-0.3477985385261271
2022-07-08,57.009,96,0.76,0.25899195242712497
2022-07-11,56.929425970695966,189,0.9199999999999999,0.22564900273977645
2022-07-12,54.51442496392497,140,0.8444444444444444,-0.7862798610858915
2022-07-13,55.627668620268615,145,0.8400000000000001,-0.319810743612856
2022-07-14,54.159364732142855,180,0.82,-0.9350564851657921
2022-07-15,50.905533679653686,167,0.8,-2.2984702273523863
2022-07-18,58.24249194502801,237,0.86,0.7758472659324515
2022-07-19,57.033,131,0.8800000000000001,0.2690483841485714
2022-07-20,56.27069586038961,164,0.9199999999999999,-0.05037076297507835
2022-07-21,55.92590248015873,148,0.8,-0.19484539157084438
2022-07-22,59.37684852813853,144,0.8800000000000001,1.251163079508444
2022-07-25,56.49088877189804,223,0.9199999999999999,0.041894027863712435
2022-07-26,54.36463700724638,203,0.8,-0.8490437093789386
2022-07-27,57.80779743888464,182,0.86,0.5937024484025153
2022-07-28,56.82922563191438,208,0.8400000000000001,0.18366325834716166
2022-07-29,60.09687873048004,171,0.82,1.5528686864762107
2022-08-01,57.89091777236653,180,0.82,0.6285313633326993
2022-08-02,54.92625150106837,184,0.76,-0.6137171339249659
2022-08-03,57.964669754901955,169,0.82,0.6594347706947328
2022-08-04,55.85219692460318,143,0.8,-0.22572934519316498
2022-08-05,59.03568819444445,95,0.7,1.1082107627642646
2022-08-08,56.90178074735449,183,0.76,0.21406515686654104
2022-08-09,55.30483353683354,131,0.72,-0.4550844508566958
2022-08-10,58.84759532377344,129,0.78,1.0293964664645245
2022-08-11,53.93385984581263,143,0.8444444444444444,-1.0295470890088083
2022-08-12,59.914938712522044,99,0.7111111111111111,1.4766325461431573
2022-08-15,55.93451676767677,193,0.8400000000000001,-0.19123585014359307
2022-08-16,54.154637361111114,139,0.78,-0.9370373386659024
2022-08-17,56.27079598429951,114,0.72,-0.05032880925576089
2022-08-18,54.796825,112,0.8400000000000001,-0.6679491660474557
2022-08-19,53.9267112654321,103,0.8,-1.0325424727797279
2022-08-22,59.89169587301588,163,0.9199999999999999,1.4668933782887281
2022-08-23,57.032776507936504,102,0.8,0.2689547369537027
2022-08-24,55.6668649964986,129,0.8400000000000001,-0.30338675689264827
2022-08-25,56.18170567460318,125,0.78,-0.08765925161007919
2022-08-26,55.892725119047626,109,0.72,-0.20874730268382818
2022-08-29,57.146718452380945,152,0.8400000000000001,0.3166984613084662
2022-08-30,54.10714529761905,107,0.76,-0.956937367575008
2022-08-31,55.23172563131313,124,0.8400000000000001,-0.4857179783635259
2022-09-01,58.24501925420168,173,0.82,0.7769062539384523
2022-09-02,57.48584484126984,117,0.7,0.4587985185918709
2022-09-06,59.138196388888886,181,0.8400000000000001,1.1511635401942322
2022-09-07,55.768960937500005,137,0.8400000000000001,-0.26060672107109084
2022-09-08,59.82581761904762,133,0.9,1.4392892048320671
2022-09-09,58.90073166666666,103,0.82,1.0516615499742326
2022-09-12,57.05759834325397,176,0.8,0.27935553245666495
2022-09-13,55.99126446428571,122,0.8,-0.1674575444645437
2022-09-14,56.4781608234127,159,0.8,0.03656078849300735
2022-09-15,56.60964324361629,157,0.8800000000000001,0.09165428771583548
2022-09-16,59.84398804855275,120,0.8,1.4469029416515555
2022-09-19,56.24604086219337,172,0.8400000000000001,-0.06070165072311443
2022-09-20,55.13233928571429,105,0.8,-0.5273626449701435
2022-09-21,56.44007436965812,106,0.8200000000000001,0.020601879255717742
2022-09-22,55.3149956547619,135,0.9199999999999999,-0.45082634064453614
2022-09-23,54.18939969246031,118,0.8,-0.9224712965120897
2022-09-26,57.79681119047619,154,0.9199999999999999,0.5890990126944142
2022-09-27,55.4780921031746,113,0.72,-0.38248599491650753
2022-09-28,53.15161426767677,150,0.8800000000000001,-1.3573220575890723
2022-09-29,56.017715039682535,138,0.6799999999999999,-0.15637427756991437
2022-09-30,57.15154163059164,94,0.62,0.3187194597399743
2022-10-03,59.71109578754579,155,0.8,1.3912186937713416
2022-10-04,58.507628300865804,112,0.86,0.8869441684056109
2022-10-05,59.43157055555555,123,0.8,1.274092593357543
2022-10-06,51.13254682539683,131,0.78,-2.2033476356841946
2022-10-07,56.11962254803676,163,0.8400000000000001,-0.1136731984171252
2022-10-10,58.45414095238095,170,0.9,0.8645320072389822
2022-10-11,55.449964841269846,112,0.7,-0.3942718236188584
2022-10-12,57.98462704136142,128,0.72,0.6677972327207726
2022-10-13,50.73981890873016,114,0.78,-2.367907697311867
2022-10-14,55.7650561594203,163,0.76,-0.2622428933271733
2022-10-17,52.91064154761905,153,0.8800000000000001,-1.4582939620053885
2022-10-18,56.00260959770115,164,0.8400000000000001,-0.16270372948274955
2022-10-19,52.70095416666667,140,0.8400000000000001,-1.5461567465635748
2022-10-20,56.44416388888889,143,0.9,0.02231546137729073
2022-10-21,58.021832380952375,138,0.8,0.6833869392736747
2022-10-24,55.59167740079365,169,0.9199999999999999,-0.33489171199708806
2022-10-25,56.16934731761294,169,0.86,-0.0928376254959797
2022-10-26,56.996971843434345,114,0.72,0.2539519384589009
2022-10-27,56.972232233044735,197,0.8800000000000001,0.24358559667980573
2022-10-28,55.43386655844156,164,0.78,-0.40101729370615874
2022-10-31,59.83362640873016,153,0.82,1.4425612281766345
2022-11-01,61.25404402867965,120,0.76,2.037741761966674
2022-11-02,56.565030992063484,134,0.78,0.07296095181247009
2022-11-03,54.414483829365075,139,0.82,-0.8281569942469499
2022-11-04,54.656764025054464,105,0.8,-0.7266372340215779
2022-11-07,51.792371650432905,176,0.9400000000000001,-1.9268691648054288
2022-11-08,55.37453127518315,141,0.78,-0.4258798447378596
2022-11-09,53.643262500000006,104,0.68,-1.151312604283728
2022-11-10,55.56116346459096,109,0.82,-0.3476776001627085
2022-11-11,60.58796650793651,88,0.8,1.758643299110695
2022-11-14,58.42769726009285,188,0.9,0.8534516244907215
2022-11-15,59.83340595238095,126,0.7,1.4424688530006593
2022-11-16,57.614038580246905,135,0.8444444444444446,0.5125140012226941
2022-11-17,59.6068109375,107,0.8,1.3475214656852292
2022-11-18,54.32418452380953,80,0.64,-0.8659940276141729
2022-11-21,59.21477531084656,166,0.82,1.1832514860262868
2022-11-22,52.9038175,106,0.6799999999999999,-1.4611533607114242
2022-11-23,58.03068365079365,103,0.64,0.6870957805572936
2022-11-25,59.36762732142857,108,0.76,1.2472992280222754
2022-11-28,59.1924032051282,149,0.6799999999999999,1.1738771712920506
2022-11-29,57.59056156004489,112,0.7777777777777778,0.5026767074441698
2022-11-30,56.84158869047619,113,0.78,0.18884360227612346
2022-12-01,58.62982785714286,118,0.9199999999999999,0.9381479806594103
2022-12-02,56.96716103896104,110,0.74,0.2414606751361013
2022-12-05,56.614196865079364,143,0.76,0.09356233702119875
2022-12-06,53.16679232323232,106,0.72,-1.350962179282459
2022-12-07,57.37770392416226,119,0.8,0.4134855290424168
2022-12-08,55.17679412393162,124,0.72,-0.508735268085954
2022-12-09,56.69791636904762,117,0.82,0.1286423151632854
2022-12-12,55.05219698203844,141,0.8,-0.5609437118416257
2022-12-13,55.0321401984127,132,0.76,-0.5693478649701289
2022-12-14,55.25151715277779,91,0.72,-0.47742497485215807
2022-12-15,56.92121023809524,140,0.78,0.22220646299224112
2022-12-16,52.97026406249999,108,0.7,-1.4333110557570095
2022-12-19,56.39885011141636,160,0.86,0.003328173494236984
2022-12-20,60.64091836219336,126,0.8,1.7808310785631123
2022-12-21,56.664113865440115,138,0.76,0.11447845809900223
2022-12-22,55.21639228395062,119,0.7555555555555555,-0.49214292673070664
2022-12-23,56.30376388888889,71,0.6000000000000001,-0.03651466419316851
2022-12-27,60.10474101079476,184,0.8400000000000001,1.5561631233578705
2022-12-28,56.925985833333336,89,0.6599999999999999,0.2242075233022892
2022-12-29,54.695874801587294,101,0.76,-0.7102491151142803
2022-12-30,54.59178095238095,94,0.6799999999999999,-0.7538663104128676
2023-01-03,58.09442180977519,195,0.8800000000000001,0.7138032157176505
2023-01-04,57.284238968253966,137,0.74,0.37432203123242763
2023-01-05,59.116811587301584,130,0.86,1.1422029236509246
2023-01-06,55.76860642857143,101,0.6799999999999999,-0.26075526668920934
2023-01-09,58.06097410714286,157,0.8800000000000001,0.6997880266442648
2023-01-10,56.04294509920635,116,0.76,-0.14580242878119543
2023-01-11,55.46106331349206,115,0.78,-0.3896213641140635
2023-01-12,55.679629567307686,136,0.86,-0.29803817210951905
2023-01-13,59.75163967574092,132,0.78,1.4082073122445198
2023-01-17,59.9264326987344,319,0.8800000000000001,1.481448733124483
2023-01-18,56.735311428571435,131,0.8,0.14431151778081358
2023-01-19,53.88658585317461,126,0.82,-1.049355742307324
2023-01-20,54.986236394230765,149,0.78,-0.5885823846580555
2023-01-23,57.91416253711932,222,0.9,0.6382713379000952
2023-01-24,57.56898691558441,189,0.86,0.4936365433220331
2023-01-25,55.25284914799253,193,0.86,-0.4768668448967273
2023-01-26,57.534305782134524,233,0.8800000000000001,0.47910452454865216
2023-01-27,57.84399250751564,185,0.76,0.6088688332500427
2023-01-30,56.97055766774891,175,0.82,0.24288392369811665
2023-01-31,55.270796780947805,217,0.8400000000000001,-0.4693464638393807
2023-02-01,52.38235541160212,172,0.8400000000000001,-1.679655356015423
2023-02-02,59.18006464781746,163,0.8800000000000001,1.1687070938280248
2023-02-03,55.52247603174603,127,0.8400000000000001,-0.3638883304495034
2023-02-06,54.733443452380946,215,0.9199999999999999,-0.6945071746320631
2023-02-07,55.64071390873016,134,0.86,-0.31434453308368415
2023-02-08,55.36613060786435,141,0.8,-0.4293998754589481
2023-02-09,56.304039979474545,175,0.8800000000000001,-0.036398977271351864
2023-02-10,57.792278611111115,92,0.6599999999999999,0.5871997804066258
2023-02-13,59.212790008382136,176,0.8800000000000001,1.1824196085812901
2023-02-14,56.278291679292934,137,0.86,-0.04718797821800479
2023-02-15,54.47444856150794,94,0.72,-0.8030306928098859
2023-02-16,56.309482935606056,157,0.9,-0.03411828074221186
2023-02-17,56.99627969155845,113,0.78,0.2536619143722002
2023-02-21,54.31301499458874,289,0.9199999999999999,-0.8706742612795705
2023-02-22,55.84414521825397,163,0.82,-0.22910315499074543
2023-02-23,54.65758974157956,202,0.8800000000000001,-0.7262912439442503
2023-02-24,53.709199722222216,117,0.8,-1.1236837220679166
2023-02-27,55.29710938492063,191,0.9199999999999999,-0.45832100945328996
2023-02-28,60.95224135401636,103,0.62,1.9112810123374573
2023-03-01,55.73071498015872,152,0.86,-0.27663246518042156
2023-03-02,58.44479178932179,134,0.86,0.8606145397407681
2023-03-03,53.22424152777778,90,0.6799999999999999,-1.3268899291590104
2023-03-06,53.76329857142857,186,0.9,-1.1010153310990618
2023-03-07,58.05708555555556,129,0.82,0.6981586535803889
2023-03-08,55.624430873015875,135,0.82,-0.321167417953626
2023-03-09,54.59628143939394,146,0.8400000000000001,-0.751980525397893
2023-03-10,56.93568136904762,139,0.8400000000000001,0.22827012717368753
2023-03-13,55.63139365800866,214,0.8800000000000001,-0.3182498857923314
2023-03-14,55.802166200396826,138,0.78,-0.24669311860798457
2023-03-15,55.71994256313131,159,0.9,-0.2811463016933841
2023-03-16,55.53149453823954,158,0.8800000000000001,-0.3601094140002778
2023-03-17,54.55888200396826,140,0.76,-0.7676515615970188
2023-03-20,56.813051865079366,207,0.9,0.17688615910320593
2023-03-21,59.30565581349206,141,0.86,1.221332051429001
2023-03-22,55.75968379779577,160,0.8400000000000001,-0.26449400948800406
2023-03-23,56.18656934523809,137,0.8400000000000001,-0.08562128612442965
2023-03-24,56.35048746753247,105,0.7,-0.016936644259386405
2023-03-27,55.79040052655678,203,0.82,-0.2516231475925355
2023-03-28,60.46117976190476,112,0.78,1.7055173718335037
2023-03-29,54.61681486111111,151,0.86,-0.743376652335128
2023-03-30,59.609942892246636,133,0.8,1.3488338110629041
2023-03-31,56.91599742063492,116,0.76,0.22002219870615558
2023-04-03,54.94555691642372,269,0.9,-0.6056278176176655
2023-04-04,57.154083569624824,171,0.8800000000000001,0.31978457792027914
2023-04-05,54.67531804036607,148,0.7,-0.7188627678490841
2023-04-06,59.44586606837606,145,0.9,1.280082670382648
2023-04-10,57.43720218539803,276,0.9,0.4384163707783439
2023-04-11,54.848223009768006,140,0.8800000000000001,-0.6464124753870314
2023-04-12,57.559821626984125,156,0.8,0.48979612252969457
2023-04-13,53.3304926984127,171,0.82,-1.2823687773751027
2023-04-14,56.10119590367965,183,0.8,-0.12139429386848383
2023-04-17,55.503015309867806,257,0.8800000000000001,-0.37204272298360436
2023-04-18,56.20257653318903,216,0.9400000000000001,-0.07891398642938863
2023-04-19,57.42092704248366,226,0.8800000000000001,0.43159679313354776
2023-04-20,55.851098634004885,222,0.9,-0.2261895487103332
2023-04-21,57.575137139527136,150,0.8400000000000001,0.49621359778668406
2023-04-24,56.745783520368526,252,0.9400000000000001,0.14869951261990358
2023-04-25,55.10448650918526,235,0.9400000000000001,-0.539033459362514
2023-04-26,57.181322690746754,213,0.8800000000000001,0.3311982596583995
2023-04-27,57.31758125,250,0.9,0.38829304705810436
2023-04-28,58.67884197830843,224,0.86,0.9586857791130868
2023-05-01,53.625009664786965,235,0.9,-1.158960870577176
2023-05-02,54.532105932539686,183,0.9,-0.7788712171841017
2023-05-03,53.87950762184098,180,0.8,-1.0523216485621258
2023-05-04,55.02596305555555,197,0.8800000000000001,-0.5719361989441507
2023-05-05,56.696463928571426,98,0.8200000000000001,0.12803371647668962
2023-05-08,56.56821566526611,188,0.8800000000000001,0.07429538717152509
2023-05-09,55.4747232020757,143,0.74,-0.3838976250780665
2023-05-10,54.52140714896215,145,0.82,-0.7833541999570202
2023-05-11,58.366881858766234,159,0.86,0.827968877363495
2023-05-12,56.448938295454546,119,0.72,0.024316023612206188
2023-05-15,56.67116868686869,209,0.9199999999999999,0.11743455518247971
2023-05-16,54.763230155122656,161,0.78,-0.6820260103683542
2023-05-17,53.8000515530303,149,0.76,-1.0856151706808388
2023-05-18,55.03793354166667,184,0.8400000000000001,-0.5669203499337769
2023-05-19,56.07183668300654,159,0.8,-0.13369633545573575
2023-05-22,54.822241180902424,245,0.8800000000000001,-0.657299329053074
2023-05-23,53.69557619047619,110,0.74,-1.1293922269349532
2023-05-24,53.431132896825396,152,0.82,-1.2401987238846826
2023-05-25,55.75001903333074,245,0.82,-0.2685437196524413
2023-05-26,57.02977803184282,151,0.76,0.2676983215326797
2023-05-30,56.24792840206577,329,0.9,-0.05991073756276904
2023-05-31,58.33005054268195,191,0.8,0.8125358933879709
2023-06-01,55.6785554018954,203,0.9400000000000001,-0.29848826673977624
2023-06-02,54.89616827089577,193,0.76,-0.62632254851627
2023-06-05,55.07154023976024,246,0.8800000000000001,-0.5528385389020583
2023-06-06,57.822078350970024,126,0.8,0.5996864074569579
2023-06-07,61.05631972222223,136,0.76,1.9548917208183674
2023-06-08,55.00719918470418,186,0.8800000000000001,-0.5797985983627701
2023-06-09,55.26792569729247,164,0.78,-0.47054949953714925
2023-06-12,55.72499402777778,224,0.8400000000000001,-0.2790296471387787
2023-06-13,56.30734885567864,183,0.86,-0.0350124986204687
2023-06-14,60.852936854390876,161,0.7,1.8696706406659562
2023-06-15,54.7718600583601,164,0.8400000000000001,-0.6784099256737702
2023-06-16,55.256647267080744,151,0.8,-0.4752753646767036
2023-06-20,53.23852975373031,305,0.8400000000000001,-1.3209029054626666
2023-06-21,55.51189399206349,183,0.78,-0.36832239543038214
2023-06-22,56.057573935786436,175,0.9,-0.13967268310486883
2023-06-23,54.666557103174604,163,0.82,-0.7225337581274955
2023-06-26,57.811613852813856,220,0.8400000000000001,0.5953015944900122
2023-06-27,58.57356,166,0.9,0.9145707363481931
2023-06-28,55.31041648435017,186,0.78,-0.4527450954189709
2023-06-29,55.40213048895549,221,0.8800000000000001,-0.4143152777017289
2023-06-30,51.60165160886604,185,0.82,-2.0067842929691166
2023-07-03,57.7460374512987,218,0.86,0.5678239026410402
2023-07-05,61.612985445665444,225,0.8,2.188144672463204
2023-07-06,56.424956363358866,197,0.9199999999999999,0.014267162667682883
2023-07-07,53.88454740079366,158,0.8400000000000001,-1.0502098905234263
2023-07-10,56.53177012284499,206,0.8400000000000001,0.05902404930031427
2023-07-11,55.93191274725275,190,0.8800000000000001,-0.1923269815434001
2023-07-12,56.67846283790284,194,0.86,0.12049093567584915
2023-07-13,55.93436301282052,193,0.8800000000000001,-0.1913002761941645
2023-07-14,55.0319846761735,217,0.8,-0.5694130315859478
2023-07-17,53.83328768279965,277,0.9,-1.0716886344428977
2023-07-18,57.62585278091474,242,0.9199999999999999,0.5174643638210086
2023-07-19,56.30726919934641,211,0.86,-0.03504587605656358
2023-07-20,55.819704450271956,225,0.8800000000000001,-0.23934427642536338
2023-07-21,53.82685085144927,195,0.9,-1.0743857825669618
2023-07-24,57.64823915584416,292,0.96,0.526844657611358
2023-07-25,54.66052840765708,276,0.96,-0.7250598899958849
2023-07-26,56.747295197138385,254,0.86,0.14933293237911105
2023-07-27,57.62467442759489,270,0.9,0.5169706125833078
2023-07-28,59.47475374280482,262,0.8,1.2921871256111555
2023-07-31,58.946913269455536,342,0.911111111111111,1.0710124722756196
2023-08-01,60.044330204966606,234,0.8800000000000001,1.5308499090225214
2023-08-02,55.19101591411927,238,0.9,-0.5027760821701702
2023-08-03,54.880679992183744,248,0.9400000000000001,-0.6328124159058629
2023-08-04,52.601575,177,0.9555555555555555,-1.5877984050684748
2023-08-07,56.94596023809523,191,0.8800000000000001,0.2325771582049783
2023-08-08,53.675438273809526,173,0.66,-1.1378303762670559
2023-08-09,56.65306640559733,197,0.8400000000000001,0.10984937369881927
2023-08-10,56.949900464519146,168,0.9,0.23422818395494213
2023-08-11,58.98965711233211,165,0.76,1.0889229113339738
2023-08-14,58.30873492743368,223,0.76,0.8036042671652694
2023-08-15,53.037106411088914,196,0.9,-1.405302909311777
2023-08-16,56.44464895181979,164,0.8444444444444446,0.02251871147084033
2023-08-17,54.41322149137899,219,0.9400000000000001,-0.8286859365705517
2023-08-18,55.89905904761905,176,0.76,-0.20609327267520225
2023-08-21,53.98511299861059,262,0.8800000000000001,-1.0080710960245773
2023-08-22,53.59566291666666,195,0.8400000000000001,-1.1712576859404387
2023-08-23,56.859000325276575,248,0.78,0.19613939046482332
2023-08-24,55.330457900406756,269,0.9,-0.4443473815783815
2023-08-25,54.495756261820326,183,0.8400000000000001,-0.7941023830876973
2023-08-28,57.540262588032064,244,0.8400000000000001,0.48160053337309044
2023-08-29,56.1109179004329,193,0.78,-0.11732060234576822
2023-08-30,57.29618134414877,163,0.76,0.37932610155650864
2023-08-31,58.806033511904765,189,0.9,1.0119813196613197
2023-09-01,59.51417277777777,153,0.86,1.308704410349938
2023-09-05,56.67672026231408,297,0.8800000000000001,0.11976076515802135
2023-09-06,60.1199222012987,169,0.9199999999999999,1.5625243152642505
2023-09-07,56.420373918650796,190,0.9,0.012347035904182369
2023-09-08,58.09486168581418,191,0.9199999999999999,0.7139875316906502
2023-09-11,56.39487270644211,277,0.96,0.0016615692628999094
2023-09-12,52.804404172619044,194,0.8400000000000001,-1.5028093331701062
2023-09-13,56.17593029761905,159,0.82,-0.09007923845618507
2023-09-14,56.860721618566615,202,0.8800000000000001,0.19686064331665093
2023-09-15,53.62204303475422,210,0.78,-1.1602039419258046
2023-09-18,56.821934446745786,226,0.86,0.18060812060481088
2023-09-19,56.36047418956044,177,0.8,-0.0127520280845785
2023-09-20,53.95417938311688,180,0.8,-1.0210328373624917
2023-09-21,55.80593455357143,202,0.9199999999999999,-0.2451141108412042
2023-09-22,54.29971314484127,150,0.76,-0.8762479756026694
2023-09-25,54.24567090583027,251,0.8400000000000001,-0.8988926458813425
2023-09-26,57.141005059523806,170,0.82,0.31430444692656556
2023-09-27,55.29160910317459,164,0.8800000000000001,-0.4606257264461126
2023-09-28,56.48017454517704,179,0.86,0.03740457413588646
2023-09-29,60.167108813131314,196,0.82,1.5822963544334616
2023-10-02,61.01020154553779,282,0.96,1.9355673751956743
2023-10-03,60.63963384233822,166,0.9,1.7802928416373598
2023-10-04,56.511525925102674,161,0.78,0.05054136628568752
2023-10-05,57.334992353479855,192,0.9,0.39558861261394423
2023-10-06,57.20327331002331,189,0.8,0.34039596399165684
2023-10-09,54.991657438723564,268,0.86,-0.5863108694996907
2023-10-10,57.453250537240535,200,0.8400000000000001,0.44514091888442353
2023-10-11,56.5017997220131,199,0.76,0.046465912232385186
2023-10-12,57.8905400189394,197,0.9,0.6283730778515543
2023-10-13,57.437743734827265,198,0.82,0.4386432897307982
2023-10-16,57.67856239550265,242,0.86,0.5395506404946364
2023-10-17,56.08486150538166,244,0.82,-0.12823870058492823
2023-10-18,53.186795660722126,301,0.8800000000000001,-1.3425804210463232
2023-10-19,57.53494144244644,234,0.9199999999999999,0.47937087765385217
2023-10-20,55.131186742581086,194,0.8800000000000001,-0.5278455812753545
2023-10-23,55.71605586753524,316,0.9,-0.28277489706354875
2023-10-24,58.96578097937087,284,0.8400000000000001,1.0789183821299364
2023-10-25,57.954937096149465,248,0.8400000000000001,0.655356611602543
2023-10-26,58.81522105674962,272,0.96,1.0158310662204872
2023-10-27,55.64841307228691,242,0.78,-0.31111844505782416
2023-10-30,57.32790099234099,255,0.86,0.3926172047345659
2023-10-31,56.669515848248466,216,0.8800000000000001,0.11674198606869425
2023-11-01,56.68894559696342,207,0.8800000000000001,0.12488340029022775
2023-11-02,58.94735069722761,273,0.9400000000000001,1.0711957623807429
2023-11-03,57.28537819444445,140,0.8,0.37479938749908853
2023-11-06,57.91120207521645,240,0.9199999999999999,0.6370308511088404
2023-11-07,59.73458406565656,181,0.8400000000000001,1.4010607048161479
2023-11-08,53.44925673534799,172,0.78,-1.2326045095249762
2023-11-09,59.17748133411179,198,0.9,1.167624638915685
2023-11-10,56.07878778938452,151,0.78,-0.13078369684412358
2023-11-13,55.692099986511074,252,0.9400000000000001,-0.2928128421404903
2023-11-14,59.42550395556551,200,0.74,1.271550578833327
2023-11-15,58.46592363053613,149,0.74,0.869469161337454
2023-11-16,53.74351709325397,177,0.86,-1.1093041262912346
2023-11-17,56.34717362698412,144,0.8,-0.018325203059810672
2023-11-20,57.11832011916275,190,0.82,0.3047990488496487
2023-11-21,54.99696196559106,199,0.8400000000000001,-0.584088177322292
2023-11-22,54.49547679908327,192,0.82,-0.7942194830016089
2023-11-24,54.61522818602693,237,0.86,-0.7440414977371339
2023-11-27,55.95034343496373,237,0.86,-0.18460419185403706
2023-11-28,56.04348020337302,146,0.76,-0.14557821050969516
2023-11-29,55.688139761904765,195,0.8800000000000001,-0.294472247488613
2023-11-30,57.62054976190476,176,0.8800000000000001,0.5152423034630343
2023-12-01,54.77620123424369,129,0.8,-0.6765908948877633
2023-12-04,57.08652423451956,220,0.82,0.2914760012272627
2023-12-05,55.32376662267471,168,0.76,-0.44715114731344596
2023-12-06,56.84321800442613,198,0.86,0.18952631412988638
2023-12-07,55.086594551226554,210,0.9,-0.5465305115947924
2023-12-08,54.711437531943865,193,0.9,-0.7037280511463583
2023-12-11,55.97763023358762,394,1.0,-0.17317053238495353
2023-12-12,56.32237419635919,264,0.9,-0.028716610593575564
2023-12-13,59.06036854225024,204,0.9199999999999999,1.1185522724547012
2023-12-14,56.663396250000005,120,0.74,0.1141777643208474
2023-12-15,52.60398545510045,108,0.6,-1.58678838102117
2023-12-18,57.864596940737826,288,0.8800000000000001,0.6175024614107943
2023-12-19,60.805,6,0.2,1.849584236369175
2023-12-20,49.353,5,0.2,-2.949009766714165
2023-12-21,55.36687500000001,8,0.2,-0.4290879617636886
2023-12-22,60.034,5,0.2,1.5265213673177203
2023-12-26,60.636500000000005,10,0.2,1.7789797053248582
2023-12-27,59.08375,4,0.2,1.128349523846717
2023-12-28,54.2575,10,0.2,-0.8939360426378253
2023-12-29,56.991875,8,0.2,0.2518162693758848
